status,selection_basis,w_ce_score,w_embedding_score,w_source_rank,w_ce_rank,w_embedding_rank,cv_claims_with_evidence,cv_macro_recall@1,cv_micro_recall@1,cv_hit_any@1,cv_evidence_f@1,cv_macro_recall@3,cv_micro_recall@3,cv_hit_any@3,cv_evidence_f@3,cv_macro_recall@5,cv_micro_recall@5,cv_hit_any@5,cv_evidence_f@5,cv_macro_recall@10,cv_micro_recall@10,cv_hit_any@10,cv_evidence_f@10,cv_macro_recall@64,cv_micro_recall@64,cv_hit_any@64,cv_evidence_f@64,cv_macro_recall@100,cv_micro_recall@100,cv_hit_any@100,cv_evidence_f@100,cv_macro_recall@500,cv_micro_recall@500,cv_hit_any@500,cv_evidence_f@500,dev_claims_with_evidence,dev_macro_recall@1,dev_micro_recall@1,dev_hit_any@1,dev_evidence_f@1,dev_macro_recall@3,dev_micro_recall@3,dev_hit_any@3,dev_evidence_f@3,dev_macro_recall@5,dev_micro_recall@5,dev_hit_any@5,dev_evidence_f@5,dev_macro_recall@10,dev_micro_recall@10,dev_hit_any@10,dev_evidence_f@10,dev_macro_recall@64,dev_micro_recall@64,dev_hit_any@64,dev_evidence_f@64,dev_macro_recall@100,dev_micro_recall@100,dev_hit_any@100,dev_evidence_f@100,dev_macro_recall@500,dev_micro_recall@500,dev_hit_any@500,dev_evidence_f@500
strict-candidate,train_kfold,0.25,0.5,0.0,0.25,0.0,245.6,0.09131978319783199,0.07488186155549371,0.2516144018583043,0.12481389303688957,0.19602947845804988,0.16388817360240826,0.41936618549858967,0.17550358308247804,0.24776854156296668,0.21577566418990038,0.4943089430894309,0.17146642489748515,0.3249651014877496,0.2940898711186792,0.583919031027045,0.14498375447902576,0.5074263591615508,0.48157331407434123,0.7590077982412478,0.04766251881839205,0.5404792876500194,0.5169754078890679,0.7850771528123445,0.0334206736721646,0.5922992091145401,0.5723441148399258,0.8282263149162103,0.007627412960809936,154.0,0.11504329004329003,0.0835030549898167,0.2662337662337662,0.14826839826839827,0.23874458874458873,0.1955193482688391,0.487012987012987,0.204700061842919,0.2962121212121212,0.25865580448065173,0.5584415584415584,0.19746959389816535,0.3958874458874459,0.3543788187372709,0.6753246753246753,0.167240984124101,0.5816017316017316,0.5498981670061099,0.8441558441558441,0.05176737233947116,0.6143939393939394,0.5845213849287169,0.8701298701298701,0.03591988343472038,0.6579004329004329,0.6334012219959266,0.8896103896103896,0.0080165281643477
strict-candidate,train_kfold,0.25,0.5,0.0,0.0,0.25,245.6,0.09131978319783199,0.07488186155549371,0.2516144018583043,0.12481389303688957,0.19535031248271667,0.16339097017853382,0.41773685083789613,0.17490604976020604,0.24840473425142412,0.21623983812155245,0.4951186328189813,0.17188323443973022,0.32455693822244347,0.29386089345539573,0.5863580554172889,0.14484770005725706,0.5081438526630164,0.4815761871849646,0.7606338145014103,0.0476642297101748,0.539908522758697,0.5164782044651935,0.7858901609424257,0.03338918140045917,0.5922992091145401,0.5723441148399258,0.8282263149162103,0.007627412960809936,154.0,0.11829004329004328,0.0855397148676171,0.2727272727272727,0.1525974025974026,0.23658008658008656,0.1934826883910387,0.487012987012987,0.20253555967841683,0.2962121212121212,0.25865580448065173,0.5584415584415584,0.19746959389816535,0.39426406926406926,0.35234215885947046,0.6753246753246753,0.16631334033931436,0.5803030303030302,0.5478615071283096,0.8441558441558441,0.05157915475994923,0.6143939393939394,0.5845213849287169,0.8701298701298701,0.03591988343472038,0.6579004329004329,0.6334012219959266,0.8896103896103896,0.0080165281643477
strict-candidate,train_kfold,0.25,0.5,0.25,0.0,0.0,245.6,0.09131978319783199,0.07488186155549371,0.2516144018583043,0.12481389303688957,0.19476583153586638,0.16316517463981034,0.4185531773685084,0.1744961640870053,0.2491271500470107,0.216489212368331,0.497567612410818,0.17214565671409873,0.32434079973452795,0.29386830032147077,0.583919031027045,0.14481478833096553,0.5086323212211713,0.48231552135944444,0.7606338145014103,0.04773502225483495,0.5406425529561418,0.517210702006715,0.7850771528123445,0.03343622274893816,0.5922992091145401,0.5723441148399258,0.8282263149162103,0.007627412960809936,154.0,0.11796536796536797,0.0855397148676171,0.2727272727272727,0.15216450216450217,0.23874458874458873,0.1955193482688391,0.487012987012987,0.204700061842919,0.2962121212121212,0.25865580448065173,0.5584415584415584,0.19746959389816535,0.3971861471861472,0.3564154786150713,0.6753246753246753,0.16810678498990186,0.5803030303030302,0.5478615071283096,0.8441558441558441,0.05157915475994923,0.6143939393939394,0.5845213849287169,0.8701298701298701,0.03591988343472038,0.6579004329004329,0.6334012219959266,0.8896103896103896,0.0080165281643477
strict-candidate,train_kfold,0.0,0.0,0.0,0.75,0.25,245.6,0.09035202698965765,0.07415715641307719,0.2491687406669985,0.12445683313975997,0.19288479619490073,0.16337764498260615,0.41449477351916375,0.17435280918406854,0.24591045849234003,0.21651394700872095,0.48778496764559487,0.1715387949992231,0.33058254521320724,0.2973073321641476,0.5904330512692881,0.14665266330373347,0.518009014988109,0.4932802571602414,0.7720391571262651,0.04880166752268686,0.549801393728223,0.5261858427142394,0.7964725402356064,0.03401278758788,0.5922992091145401,0.5723441148399258,0.8282263149162103,0.007627412960809936,154.0,0.09502164502164502,0.07128309572301425,0.22727272727272727,0.12294372294372294,0.23441558441558444,0.1955193482688391,0.487012987012987,0.20343228200371058,0.2987012987012987,0.25865580448065173,0.5584415584415584,0.19807771593485882,0.39826839826839827,0.35234215885947046,0.6623376623376623,0.1664331339656015,0.5771645021645022,0.5478615071283096,0.8311688311688312,0.05156221307463469,0.6196969696969697,0.5865580448065173,0.8766233766233766,0.0360448767680602,0.6579004329004329,0.6334012219959266,0.8896103896103896,0.0080165281643477
strict-candidate,train_kfold,0.25,0.25,0.5,0.0,0.0,245.6,0.09025540622753167,0.07318762758998702,0.24590343454454952,0.12317880648194238,0.1921482218903822,0.16223383583097115,0.41122946739671484,0.1732588431423673,0.2513865383551795,0.21790484500703572,0.4918798739007798,0.1733228645697536,0.33112720535368617,0.2987024048494554,0.5830993860959017,0.14725838643409575,0.5125324926718655,0.4869102071373111,0.7639024390243903,0.0481861762919128,0.5449858967977435,0.5211103711075571,0.7891488302638129,0.03368699157232828,0.5922992091145401,0.5723441148399258,0.8282263149162103,0.007627412960809936,154.0,0.12218614718614719,0.09164969450101833,0.2922077922077922,0.1590909090909091,0.23766233766233766,0.1955193482688391,0.474025974025974,0.20426716141001858,0.3094155844155844,0.26883910386965376,0.5714285714285714,0.20595753452896312,0.38755411255411254,0.34623217922606925,0.6623376623376623,0.16336628739226142,0.5823593073593074,0.5519348268839104,0.8441558441558441,0.051952739389364684,0.6121212121212121,0.5885947046843177,0.8636363636363636,0.03616354594853848,0.6579004329004329,0.6334012219959266,0.8896103896103896,0.0080165281643477
strict-candidate,train_kfold,0.25,0.75,0.0,0.0,0.0,245.6,0.08826840329627786,0.07268394660161304,0.24429069188651073,0.1209620043139207,0.19222404734251425,0.1609341823989511,0.4120325203252032,0.17233421824014158,0.24433239311984956,0.21285104571050123,0.4918632818981251,0.16911087671615296,0.3214920081853879,0.29021408973982854,0.5855483656877385,0.14314929404426666,0.5062451191858857,0.478893749510693,0.7581981085116973,0.04740436526102172,0.5391761517615177,0.5155062381190321,0.7858901609424257,0.03332687691107653,0.5922992091145401,0.5723441148399258,0.8282263149162103,0.007627412960809936,154.0,0.10346320346320347,0.07331975560081466,0.23376623376623376,0.1316017316017316,0.23387445887445887,0.19144602851323828,0.4805194805194805,0.2000618429189858,0.28300865800865804,0.24643584521384929,0.551948051948052,0.18782209853638426,0.3978354978354978,0.3564154786150713,0.6883116883116883,0.16823047082787343,0.5764069264069264,0.5417515274949084,0.8441558441558441,0.051014502021383454,0.6117965367965368,0.5804480651731161,0.8701298701298701,0.035672511758777274,0.6579004329004329,0.6334012219959266,0.8896103896103896,0.0080165281643477
strict-candidate,train_kfold,0.25,0.25,0.25,0.0,0.25,245.6,0.09005049499474586,0.07318100212168688,0.24590011614401858,0.12295979204690007,0.1912809026049444,0.16077546621622835,0.4112261489961838,0.17192488563369598,0.25050677506775065,0.2169260898226722,0.48781151484984236,0.17269726179283174,0.328767822576185,0.2969716347871286,0.5806636801061889,0.14638992079211094,0.5125549471821249,0.48740778509574556,0.7638958022233284,0.048233337143917775,0.543110336817654,0.519661500071738,0.7883325037332006,0.03359281360376616,0.5922992091145401,0.5723441148399258,0.8282263149162103,0.007627412960809936,154.0,0.12218614718614719,0.09164969450101833,0.2922077922077922,0.1590909090909091,0.23766233766233766,0.1955193482688391,0.474025974025974,0.20426716141001858,0.3074675324675325,0.26883910386965376,0.5714285714285714,0.20540094825809113,0.38755411255411254,0.34623217922606925,0.6623376623376623,0.16336628739226142,0.581060606060606,0.5498981670061099,0.8441558441558441,0.051764521809842756,0.6108225108225108,0.5865580448065173,0.8636363636363636,0.03603986011056693,0.6579004329004329,0.6334012219959266,0.8896103896103896,0.0080165281643477
strict-candidate,train_kfold,0.25,0.25,0.0,0.25,0.25,245.6,0.08927963055140756,0.07294184233098336,0.24509374481499915,0.12220341795254688,0.19124135833195066,0.1605296809572247,0.41041645926663345,0.17183307655233987,0.24939317515624135,0.2164585203420361,0.4845528455284553,0.17223425274097254,0.32702748741773136,0.29553278250882753,0.5749593495934959,0.14568138824286164,0.5116761794148553,0.48618737154461505,0.763086112493778,0.048115062716695564,0.5428647751783641,0.5196588381257726,0.7875128588020575,0.03359229307034955,0.5922992091145401,0.5723441148399258,0.8282263149162103,0.007627412960809936,154.0,0.11893939393939394,0.08961303462321792,0.2857142857142857,0.15476190476190477,0.2409090909090909,0.1975560081466395,0.4805194805194805,0.20686456400742115,0.3064935064935065,0.2668024439918534,0.5714285714285714,0.20424654710368997,0.3891774891774892,0.34826883910386963,0.6623376623376623,0.16429393117704805,0.581060606060606,0.5498981670061099,0.8441558441558441,0.051764521809842756,0.6108225108225108,0.5865580448065173,0.8636363636363636,0.03603986011056693,0.6579004329004329,0.6334012219959266,0.8896103896103896,0.0080165281643477
strict-candidate,train_kfold,0.25,0.25,0.0,0.0,0.5,245.6,0.08923881422487694,0.07294184233098336,0.24509374481499915,0.12214899618383938,0.1912007079254466,0.16053364447955956,0.4104131408661026,0.1718040405476941,0.25022012056855264,0.21720067983238303,0.48780819644931145,0.1728027579595524,0.3271772025883524,0.29599752667359647,0.5765886842541895,0.1458804667485603,0.5116355290083513,0.48520626342822276,0.7638991206238593,0.048021904535458036,0.5425395719263315,0.5191808930789257,0.7858868425418948,0.03356132133206073,0.5922992091145401,0.5723441148399258,0.8282263149162103,0.007627412960809936,154.0,0.12218614718614719,0.09164969450101833,0.2922077922077922,0.1590909090909091,0.23766233766233766,0.1955193482688391,0.474025974025974,0.20426716141001858,0.3064935064935065,0.2668024439918534,0.5714285714285714,0.20424654710368997,0.3878787878787879,0.34623217922606925,0.6623376623376623,0.1634281303112472,0.5832251082251082,0.5519348268839104,0.8441558441558441,0.051958357824574294,0.6079004329004328,0.5824847250509165,0.8636363636363636,0.035791299147720244,0.6579004329004329,0.6334012219959266,0.8896103896103896,0.0080165281643477
strict-candidate,train_kfold,0.25,0.25,0.25,0.25,0.0,245.6,0.09066273989270504,0.07367851455949784,0.24753276920524306,0.12383054034621979,0.19066932138709142,0.16077181170783,0.4087871246059399,0.1717507881201261,0.2513182899175931,0.2174274679335396,0.489434212709474,0.17309643904019217,0.3290923621481113,0.29649739204343617,0.5790343454454953,0.1462120947466891,0.5127344173441734,0.48715171986004335,0.7647154471544716,0.04820989592469345,0.5441695702671312,0.5208521163097282,0.7891455118632819,0.03367082669053397,0.5922992091145401,0.5723441148399258,0.8282263149162103,0.007627412960809936,154.0,0.12218614718614719,0.09164969450101833,0.2922077922077922,0.1590909090909091,0.23766233766233766,0.1955193482688391,0.474025974025974,0.20426716141001858,0.3074675324675325,0.26883910386965376,0.5714285714285714,0.20540094825809113,0.38755411255411254,0.34623217922606925,0.6623376623376623,0.16336628739226142,0.5836580086580087,0.5539714867617108,0.8441558441558441,0.05214095696888661,0.6108225108225108,0.5865580448065173,0.8636363636363636,0.03603986011056693,0.6579004329004329,0.6334012219959266,0.8896103896103896,0.0080165281643477
strict-candidate,train_kfold,0.25,0.25,0.0,0.5,0.0,245.6,0.08976677174935013,0.07270973033789623,0.2442774182843869,0.12247331452906365,0.19083153586637908,0.16053651759018295,0.4096001327360212,0.17175011653906627,0.2511851114429512,0.2171748938363339,0.4869951883192301,0.1729399659205533,0.3284229301476688,0.29603969567628363,0.5757723577235773,0.14598994611936375,0.5117181571815718,0.48665795977990917,0.7630894308943089,0.04816096828609579,0.5437600796416128,0.5206138512321793,0.7883258669321387,0.03365469387271462,0.5922992091145401,0.5723441148399258,0.8282263149162103,0.007627412960809936,154.0,0.11893939393939394,0.08961303462321792,0.2857142857142857,0.15476190476190477,0.2409090909090909,0.1975560081466395,0.4805194805194805,0.20686456400742115,0.30616883116883115,0.2668024439918534,0.564935064935065,0.20410224695938983,0.38755411255411254,0.34623217922606925,0.6623376623376623,0.16336628739226142,0.5836580086580087,0.5539714867617108,0.8441558441558441,0.05214095696888661,0.6121212121212121,0.5885947046843177,0.8636363636363636,0.03616354594853848,0.6579004329004329,0.6334012219959266,0.8896103896103896,0.0080165281643477
strict-candidate,train_kfold,0.5,0.5,0.0,0.0,0.0,245.6,0.08927963055140756,0.07294184233098336,0.24509374481499915,0.12220341795254688,0.1902217797688181,0.16005543821353224,0.4096001327360212,0.17119262524986767,0.25061600575189424,0.21645168370907783,0.4861821801891488,0.17241602734783426,0.3279771030363365,0.29625865458204886,0.5757756761241082,0.1460675564687511,0.5111877108567005,0.4854512194946953,0.763086112493778,0.04804427017203542,0.5425395719263315,0.5191808930789257,0.7858868425418948,0.03356132133206073,0.5922992091145401,0.5723441148399258,0.8282263149162103,0.007627412960809936,154.0,0.11893939393939394,0.08961303462321792,0.2857142857142857,0.15476190476190477,0.2409090909090909,0.1975560081466395,0.4805194805194805,0.20686456400742115,0.3064935064935065,0.2668024439918534,0.5714285714285714,0.20424654710368997,0.3891774891774892,0.34826883910386963,0.6623376623376623,0.16429393117704805,0.581060606060606,0.5498981670061099,0.8441558441558441,0.051764521809842756,0.6079004329004328,0.5824847250509165,0.8636363636363636,0.035791299147720244,0.6579004329004329,0.6334012219959266,0.8896103896103896,0.0080165281643477
strict-candidate,train_kfold,0.5,0.25,0.0,0.0,0.25,245.6,0.09055616392898622,0.07372745467451977,0.24753940600630497,0.1241050826834799,0.1886161716719208,0.15977459727008125,0.40471212875394064,0.1705233512684981,0.2508720203528566,0.21673504768185686,0.4902439024390244,0.17252188432477134,0.32870610032630937,0.29701922999865615,0.5782014269122283,0.14636433142655142,0.5135481444610365,0.48738351410048997,0.7647121287539406,0.048235638581839616,0.5445847021735524,0.5210753632178661,0.7899552015928323,0.033685701063318974,0.5922992091145401,0.5723441148399258,0.8282263149162103,0.007627412960809936,154.0,0.11764069264069264,0.08757637474541752,0.2792207792207792,0.1525974025974026,0.23896103896103893,0.19959266802443992,0.4805194805194805,0.20783858998144714,0.305952380952381,0.26476578411405294,0.551948051948052,0.20303545660688518,0.3852813852813853,0.34012219959266804,0.6558441558441559,0.16092349209232326,0.578030303030303,0.5478615071283096,0.8376623376623377,0.05156506735990161,0.6121212121212121,0.5885947046843177,0.8636363636363636,0.03616354594853848,0.6579004329004329,0.6334012219959266,0.8896103896103896,0.0080165281643477
strict-candidate,train_kfold,0.5,0.25,0.0,0.25,0.0,245.6,0.09055616392898622,0.07372745467451977,0.24753940600630497,0.1241050826834799,0.18845290636579834,0.1595393031524342,0.4038958022233284,0.17031926963584504,0.2501502682373763,0.2167418843148151,0.48861124937779987,0.17238970137028872,0.3280545323820585,0.29581880616780587,0.5782014269122283,0.14583269205767962,0.5145650683037443,0.48884209487989094,0.7655284552845528,0.04837747403641735,0.5465408992865439,0.5222984387149618,0.7915845362535258,0.033764785421847056,0.5922992091145401,0.5723441148399258,0.8282263149162103,0.007627412960809936,154.0,0.11764069264069264,0.08757637474541752,0.2792207792207792,0.1525974025974026,0.23896103896103893,0.19959266802443992,0.4805194805194805,0.20783858998144714,0.3046536796536796,0.26272912423625255,0.5454545454545454,0.20173675530818388,0.3852813852813853,0.34012219959266804,0.6558441558441559,0.16092349209232326,0.5793290043290044,0.5498981670061099,0.8376623376623377,0.051753284939423536,0.6121212121212121,0.5885947046843177,0.8636363636363636,0.03616354594853848,0.6579004329004329,0.6334012219959266,0.8896103896103896,0.0080165281643477
strict-candidate,train_kfold,0.75,0.25,0.0,0.0,0.0,245.6,0.08990260494441679,0.07323991319947079,0.24590343454454952,0.12317902770864445,0.18832940655937172,0.1590622350928746,0.40226978596316576,0.16992366098588102,0.25116475858636134,0.2169456138865113,0.4877982412477186,0.17276484655031196,0.32935119738952495,0.29676657577803933,0.5798208063713289,0.14631157990839425,0.5148380620540899,0.48953534432410495,0.7647154471544716,0.048447052059403604,0.5460554725955422,0.5220433005210693,0.792400862784138,0.03374864967418763,0.5922992091145401,0.5723441148399258,0.8282263149162103,0.007627412960809936,154.0,0.11893939393939394,0.08961303462321792,0.2857142857142857,0.15476190476190477,0.2333333333333333,0.1934826883910387,0.4675324675324675,0.20188620902906618,0.3033549783549784,0.2606924643584521,0.5454545454545454,0.2004380540094826,0.37943722943722946,0.3340122199592668,0.6493506493506493,0.15810963927847044,0.5764069264069264,0.5458248472505092,0.8376623376623377,0.05137408187479848,0.6108225108225108,0.5865580448065173,0.8636363636363636,0.036039860110566924,0.6579004329004329,0.6334012219959266,0.8896103896103896,0.0080165281643477
strict-candidate,train_kfold,0.5,0.25,0.25,0.0,0.0,245.6,0.0895121398152757,0.07275548832835825,0.24428405508544881,0.12255926110281509,0.18803218848515016,0.15880711462484925,0.40226978596316576,0.16974739861101235,0.2505427244068359,0.21624802638540247,0.4902372656379625,0.17219357599795632,0.32815021293070074,0.2960374560596346,0.5782014269122283,0.14593263304363355,0.5147552126541673,0.4885833676982235,0.7647121287539406,0.04835568605789735,0.5465425584868093,0.522305064183262,0.7907715281234445,0.03376485048852414,0.5922992091145401,0.5723441148399258,0.8282263149162103,0.007627412960809936,154.0,0.12088744588744589,0.08961303462321792,0.2857142857142857,0.15692640692640694,0.23896103896103893,0.19959266802443992,0.4805194805194805,0.20783858998144714,0.3027056277056277,0.26272912423625255,0.5454545454545454,0.20118016903731192,0.3865800865800866,0.3421588594704684,0.6558441558441559,0.1617892929581241,0.5793290043290044,0.5498981670061099,0.8376623376623377,0.051753284939423536,0.6134199134199134,0.5906313645621182,0.8636363636363636,0.036287231786510034,0.6579004329004329,0.6334012219959266,0.8896103896103896,0.0080165281643477
strict-candidate,train_kfold,0.25,0.0,0.25,0.0,0.5,245.6,0.08816713677340855,0.07331166835064007,0.24590011614401858,0.12157767822576186,0.18679376140700182,0.15907027771268997,0.40146009623361534,0.16938258787835692,0.2467464741994359,0.2148517176443486,0.48290360046457603,0.17074055111785327,0.3254668989547039,0.2938859503160576,0.5773751451800233,0.1448105817085409,0.516497151706211,0.49153553488695056,0.7720557491289199,0.04863304467462696,0.5509958519993363,0.527577461057337,0.7972888667662187,0.03410658950865803,0.5922992091145401,0.5723441148399258,0.8282263149162103,0.007627412960809936,154.0,0.11677489177489178,0.08757637474541752,0.2792207792207792,0.15151515151515152,0.2313852813852814,0.1934826883910387,0.45454545454545453,0.2009121830550402,0.2985930735930736,0.2545824847250509,0.538961038961039,0.19621727478870338,0.3770562770562771,0.3340122199592668,0.6428571428571429,0.15814445294964774,0.5772727272727273,0.539714867617108,0.8311688311688312,0.05081279441945306,0.6205627705627705,0.5865580448065173,0.8766233766233766,0.036047278434816935,0.6579004329004329,0.6334012219959266,0.8896103896103896,0.0080165281643477
strict-candidate,train_kfold,0.25,0.0,0.5,0.0,0.25,245.6,0.0871887616835352,0.07282443588952761,0.24426746308279407,0.12032719429235109,0.18685011890935238,0.15836340279731573,0.3982014269122283,0.16888522284639756,0.2477421049720701,0.21486480521104703,0.4853525800564128,0.17093306312071868,0.32563016426082625,0.29365598009034105,0.579817487970798,0.14472585188165077,0.5115478679276588,0.4869659492968704,0.7639024390243903,0.048175435085315584,0.5456476964769648,0.5217905307253068,0.7932171893147503,0.03373156050281605,0.5922992091145401,0.5723441148399258,0.8282263149162103,0.007627412960809936,154.0,0.11677489177489178,0.08757637474541752,0.2792207792207792,0.15151515151515152,0.23354978354978356,0.1955193482688391,0.45454545454545453,0.20307668521954236,0.2944805194805195,0.2525458248472505,0.525974025974026,0.19403731189445475,0.3770562770562771,0.3340122199592668,0.6428571428571429,0.15814445294964774,0.5756493506493506,0.5356415478615071,0.8246753246753247,0.050428063286058825,0.611038961038961,0.5804480651731161,0.8636363636363636,0.03566414194986108,0.6579004329004329,0.6334012219959266,0.8896103896103896,0.0080165281643477
strict-candidate,train_kfold,0.25,0.0,0.0,0.25,0.5,245.6,0.08757336430507162,0.0711061353660262,0.23857972457275595,0.11970941872684034,0.18589657651678557,0.15884103883022624,0.3982014269122283,0.16881110400025284,0.24647641170289253,0.21486235442973983,0.48046457607433213,0.17066710385276837,0.3233097726895636,0.2909650841943352,0.5749361207897794,0.1434692842139333,0.5146477517836403,0.4905690448041516,0.7663414634146342,0.04853511926778209,0.5510380509927548,0.5264001936052256,0.7956528953044633,0.034029813131096306,0.5922992091145401,0.5723441148399258,0.8282263149162103,0.007627412960809936,154.0,0.11893939393939394,0.08961303462321792,0.2857142857142857,0.15476190476190477,0.22792207792207794,0.1894093686354379,0.44805194805194803,0.1971243042671614,0.3027056277056277,0.25661914460285135,0.538961038961039,0.198397237682952,0.37575757575757573,0.3319755600814664,0.6428571428571429,0.1572786520838469,0.5688311688311688,0.5376782077393075,0.8181818181818182,0.05060443887512914,0.617099567099567,0.5824847250509165,0.8701298701298701,0.0357975050921171,0.6579004329004329,0.6334012219959266,0.8896103896103896,0.0080165281643477
strict-candidate,train_kfold,0.25,0.0,0.0,0.0,0.75,245.6,0.08864448868978485,0.07231386821367318,0.24264808362369336,0.12139074166251866,0.18630667551573474,0.15832681664597348,0.3998340799734528,0.16877383520190886,0.24819484541784192,0.21510433953631053,0.48371329019412646,0.17114371834680447,0.3239328576959239,0.29145848746577663,0.576558818649411,0.1437345520471454,0.5158450860018805,0.49032936483485334,0.7671611083457773,0.04851407863905664,0.5472114374204966,0.5230028951776838,0.794843205574913,0.03381088518815213,0.5922992091145401,0.5723441148399258,0.8282263149162103,0.007627412960809936,154.0,0.12218614718614719,0.09164969450101833,0.2922077922077922,0.1590909090909091,0.229004329004329,0.1894093686354379,0.45454545454545453,0.19755720470006186,0.3016233766233766,0.25661914460285135,0.538961038961039,0.19816532673675533,0.37813852813852816,0.3319755600814664,0.6493506493506493,0.1572438384126696,0.5731601731601732,0.5417515274949084,0.8246753246753247,0.05099211090459221,0.6247835497835498,0.5926680244399185,0.8766233766233766,0.036419525235635165,0.6579004329004329,0.6334012219959266,0.8896103896103896,0.0080165281643477
strict-candidate,train_kfold,0.25,0.0,0.25,0.25,0.25,245.6,0.08759537636192688,0.07308347208513158,0.24508378961340632,0.12086975277916046,0.1850003318400531,0.15764724046767606,0.39738510038161606,0.16771148877669534,0.24670919750013826,0.21438790052138926,0.48209722913555664,0.17050511850113645,0.3250610585697694,0.29339093645431,0.5790077982412477,0.14457873612477892,0.5158167136773408,0.49106447426781796,0.7679774348763896,0.04858296259125756,0.5504536806592555,0.5264333451515315,0.7964758586361373,0.03402916261992779,0.5922992091145401,0.5723441148399258,0.8282263149162103,0.007627412960809936,154.0,0.11677489177489178,0.08757637474541752,0.2792207792207792,0.15151515151515152,0.2268398268398268,0.1894093686354379,0.44155844155844154,0.19669140383426098,0.2994588744588745,0.2545824847250509,0.538961038961039,0.1965419501133787,0.3770562770562771,0.3340122199592668,0.6428571428571429,0.15814445294964774,0.5717532467532467,0.5376782077393075,0.8246753246753247,0.050604698245302476,0.6082251082251082,0.5743380855397149,0.8571428571428571,0.035294320587953565,0.6579004329004329,0.6334012219959266,0.8896103896103896,0.0080165281643477
strict-candidate,train_kfold,0.75,0.0,0.25,0.0,0.0,245.6,0.08844367015098722,0.0725853739481025,0.2434710469553675,0.1214488136718102,0.1847440960123887,0.15691959443424672,0.3957557657209225,0.16718214858533426,0.24501238869531555,0.21293271303120637,0.47965488634478176,0.16927675723793195,0.32108666556053317,0.28955352392571354,0.5700481168076987,0.14270100023310578,0.5105722581715613,0.48480044580733905,0.7606371329019412,0.04796315288108362,0.5448581383773021,0.5194398379041891,0.7907648913223826,0.03357536281687571,0.5922992091145401,0.5723441148399258,0.8282263149162103,0.007627412960809936,154.0,0.11331168831168831,0.0835030549898167,0.2662337662337662,0.1461038961038961,0.23658008658008656,0.1934826883910387,0.45454545454545453,0.20253555967841683,0.29350649350649355,0.2484725050916497,0.5194805194805194,0.191852195423624,0.3692640692640693,0.329938900203666,0.6363636363636364,0.15609801453957298,0.5743506493506494,0.5336048879837068,0.8246753246753247,0.0502398457065369,0.6007575757575757,0.5661914460285132,0.8441558441558441,0.03479475013039991,0.6579004329004329,0.6334012219959266,0.8896103896103896,0.0080165281643477
strict-candidate,train_kfold,0.5,0.0,0.25,0.25,0.0,245.6,0.08912117692605498,0.07307595190367676,0.24509706321553013,0.12239732315690503,0.18460627177700348,0.15693008557560334,0.39493943919031027,0.1671257910829837,0.24548857917150602,0.21341676336775892,0.480471212875394,0.16966224476627662,0.3211408661025386,0.2897861560973954,0.57086112493778,0.1427927242272688,0.5115764614789005,0.4859870985229945,0.7614534594325535,0.048082570479770784,0.5463096620762127,0.5206436072295013,0.7932072341131574,0.033654217761830064,0.5922992091145401,0.5723441148399258,0.8282263149162103,0.007627412960809936,154.0,0.11417748917748917,0.0835030549898167,0.2662337662337662,0.1471861471861472,0.23658008658008656,0.1934826883910387,0.45454545454545453,0.20253555967841683,0.2972943722943723,0.2525458248472505,0.525974025974026,0.19491857349000208,0.3692640692640693,0.329938900203666,0.6363636363636364,0.15609801453957298,0.5756493506493506,0.5356415478615071,0.8246753246753247,0.050428063286058825,0.6020562770562771,0.5682281059063137,0.8506493506493507,0.034918435968371464,0.6579004329004329,0.6334012219959266,0.8896103896103896,0.0080165281643477
strict-candidate,train_kfold,0.25,0.0,0.5,0.25,0.0,245.6,0.08614208284939992,0.07187276827758277,0.241008793761407,0.11877805431115536,0.18485658979038772,0.15666509199409445,0.3933167413306786,0.16698494078235243,0.24652353299043192,0.21340549082862736,0.48046789447486316,0.1698714962562648,0.3231629334660694,0.29096706259180394,0.5765621370499419,0.14343912080397897,0.5096596427188762,0.48356668347032994,0.7581981085116973,0.04784687191344868,0.5422774735910625,0.5186457673389185,0.7907648913223826,0.033527696008506795,0.5922992091145401,0.5723441148399258,0.8282263149162103,0.007627412960809936,154.0,0.11677489177489178,0.08757637474541752,0.2792207792207792,0.15151515151515152,0.23225108225108224,0.1934826883910387,0.45454545454545453,0.20145330859616575,0.29339826839826844,0.2525458248472505,0.5194805194805194,0.1938054009482581,0.3770562770562771,0.3340122199592668,0.6428571428571429,0.15814445294964774,0.5756493506493506,0.5356415478615071,0.8246753246753247,0.050428063286058825,0.6024891774891775,0.570264765784114,0.8571428571428571,0.03503972013958629,0.6579004329004329,0.6334012219959266,0.8896103896103896,0.0080165281643477
strict-candidate,train_kfold,0.25,0.0,0.75,0.0,0.0,245.6,0.08653503677893923,0.07258961415571896,0.2434478181516509,0.11950976162822853,0.18482838338587468,0.15641716496772015,0.3941297494607599,0.1668347831583272,0.2473641944582711,0.2131337261347837,0.48453957192633157,0.16992696095085344,0.3227830319119518,0.2912136292485826,0.5773718267794923,0.14352436955224412,0.5014787898899397,0.4763115604645954,0.7582047453127593,0.0471247818911119,0.5345415629666501,0.5099526389732814,0.7842508710801394,0.03296623261267641,0.5922992091145401,0.5723441148399258,0.8282263149162103,0.007627412960809936,154.0,0.11677489177489178,0.08757637474541752,0.2792207792207792,0.15151515151515152,0.2313852813852814,0.1934826883910387,0.44805194805194803,0.2009121830550402,0.29123376623376623,0.2505091649694501,0.5194805194805194,0.1921820243248815,0.37294372294372297,0.3319755600814664,0.6298701298701299,0.15692900173419655,0.5743506493506494,0.5336048879837068,0.8311688311688312,0.0502398457065369,0.5992424242424242,0.5682281059063137,0.8571428571428571,0.03491239648285087,0.6579004329004329,0.6334012219959266,0.8896103896103896,0.0080165281643477
strict-candidate,train_kfold,0.5,0.0,0.0,0.0,0.5,245.6,0.08631165311653116,0.0711064443799627,0.23858304297328686,0.1186790553619822,0.18406509595708204,0.1566613396364177,0.3957557657209225,0.16674733540338318,0.2454168464133621,0.21362999151837866,0.47964824954372,0.1697817545911125,0.3218059288756153,0.29000563518175526,0.5716807698689232,0.14297727834910515,0.512464244234279,0.4883497407043428,0.7639024390243903,0.048318602040446676,0.5497585863613738,0.5252081779415873,0.7932072341131574,0.03395107036453657,0.5922992091145401,0.5723441148399258,0.8282263149162103,0.007627412960809936,154.0,0.11872294372294373,0.08757637474541752,0.2792207792207792,0.1536796536796537,0.23441558441558444,0.19144602851323828,0.45454545454545453,0.20037105751391465,0.29924242424242425,0.2525458248472505,0.5324675324675324,0.19547515976087407,0.3692640692640693,0.329938900203666,0.6363636363636364,0.15609801453957298,0.5733766233766233,0.539714867617108,0.8181818181818182,0.05079568373040561,0.614935064935065,0.5804480651731161,0.8636363636363636,0.035671417587388815,0.6579004329004329,0.6334012219959266,0.8896103896103896,0.0080165281643477
strict-candidate,train_kfold,0.25,0.0,0.25,0.5,0.0,245.6,0.08672927382335047,0.07235660744947717,0.24264808362369336,0.11981450141032021,0.18455406227531662,0.1561907514011236,0.39331010452961673,0.1665837856629295,0.24565184447762847,0.213652057485406,0.48128753940600627,0.16982551007239907,0.3205142414689453,0.2890393672620843,0.5716741330678613,0.14245599166057105,0.5129091311321277,0.48743262406435184,0.7622697859631657,0.048226225972254025,0.5459837951440739,0.520140039556507,0.7932072341131574,0.03362318281591209,0.5922992091145401,0.5723441148399258,0.8282263149162103,0.007627412960809936,154.0,0.11417748917748917,0.0835030549898167,0.2662337662337662,0.1471861471861472,0.2333333333333333,0.19144602851323828,0.44805194805194803,0.19993815708101423,0.29534632034632036,0.2525458248472505,0.525974025974026,0.1943619872191301,0.37575757575757573,0.3319755600814664,0.6428571428571429,0.1572786520838469,0.5756493506493506,0.5356415478615071,0.8246753246753247,0.050428063286058825,0.6023809523809524,0.5682281059063137,0.8571428571428571,0.03491962525527504,0.6579004329004329,0.6334012219959266,0.8896103896103896,0.0080165281643477
strict-candidate,train_kfold,0.25,0.0,0.0,0.5,0.25,245.6,0.08819606216470328,0.07280397378540904,0.24427741828438693,0.12144472097782202,0.18386101432442897,0.15642604551877065,0.394126431060229,0.16651409925177968,0.2462854377523367,0.2143796056695569,0.48046457607433213,0.17036913782160173,0.32153492616558815,0.2897801486569683,0.570864443338311,0.14285220017524647,0.5138288811459544,0.4876846779829629,0.7655251368840219,0.048251844495793485,0.5478871743819479,0.523297126837686,0.7923975443836071,0.0338255973224582,0.5922992091145401,0.5723441148399258,0.8282263149162103,0.007627412960809936,154.0,0.11417748917748917,0.0835030549898167,0.2662337662337662,0.1471861471861472,0.23441558441558444,0.19144602851323828,0.45454545454545453,0.20037105751391465,0.29707792207792205,0.2505091649694501,0.525974025974026,0.19385178313749743,0.3692640692640693,0.329938900203666,0.6363636363636364,0.15609801453957298,0.5691558441558442,0.5336048879837068,0.8116883116883117,0.05022826308625863,0.6103896103896104,0.5763747454175153,0.8636363636363636,0.03542040809268184,0.6579004329004329,0.6334012219959266,0.8896103896103896,0.0080165281643477
strict-candidate,train_kfold,0.5,0.0,0.25,0.0,0.25,245.6,0.08687987390077982,0.07185256739264448,0.24102206736353077,0.11959935844256402,0.18376450417565401,0.15642651790260906,0.394126431060229,0.16648760735420765,0.24596283391405344,0.21389466061984974,0.48046789447486316,0.17004616527214836,0.322551850008296,0.2912291830626894,0.5733067861290857,0.14351079206728784,0.5128972955035673,0.4886465099964606,0.7647187655550025,0.048342177306805144,0.548850727282783,0.5240127189342088,0.7940235606437697,0.03387273549345704,0.5922992091145401,0.5723441148399258,0.8282263149162103,0.007627412960809936,154.0,0.11547619047619048,0.0855397148676171,0.2727272727272727,0.14935064935064934,0.23658008658008656,0.1934826883910387,0.45454545454545453,0.20253555967841683,0.2994588744588745,0.2545824847250509,0.538961038961039,0.1965419501133787,0.37575757575757573,0.3319755600814664,0.6428571428571429,0.1572786520838469,0.5704545454545454,0.5356415478615071,0.8181818181818182,0.050416480665780555,0.6082251082251082,0.5743380855397149,0.8571428571428571,0.035294320587953565,0.6579004329004329,0.6334012219959266,0.8896103896103896,0.0080165281643477
strict-candidate,train_kfold,0.5,0.0,0.5,0.0,0.0,245.6,0.08653912947292738,0.07259555607552257,0.24346109175377467,0.11967844698855153,0.18431082351639844,0.1561744161892418,0.3933134229301477,0.16646266404355006,0.24559875006913337,0.21340309010184239,0.48128753940600627,0.16970438845301963,0.32078524417897236,0.2892814980126896,0.5724871411979426,0.1425810698344297,0.5096243017532216,0.48356709033354484,0.7582014269122282,0.04784584583628441,0.53948149991704,0.5142962811208374,0.7866932138709142,0.03324755805701027,0.5922992091145401,0.5723441148399258,0.8282263149162103,0.007627412960809936,154.0,0.11677489177489178,0.08757637474541752,0.2792207792207792,0.15151515151515152,0.2333333333333333,0.19144602851323828,0.44805194805194803,0.19993815708101423,0.29534632034632036,0.2525458248472505,0.525974025974026,0.1943619872191301,0.3770562770562771,0.3340122199592668,0.6428571428571429,0.15814445294964774,0.5756493506493506,0.5356415478615071,0.8246753246753247,0.050428063286058825,0.6007575757575757,0.5661914460285132,0.8571428571428571,0.03479475013039991,0.6579004329004329,0.6334012219959266,0.8896103896103896,0.0080165281643477
strict-candidate,train_kfold,0.75,0.0,0.0,0.0,0.25,245.6,0.08670427520601737,0.0718394143053226,0.2410253857640617,0.11941076267905537,0.18383391405342625,0.15618391476816534,0.39493943919031027,0.16636504776126476,0.24449350146562687,0.21316633776532123,0.47883524141363865,0.16932467125448708,0.32049156573198384,0.28882430635803047,0.570864443338311,0.1423670755437804,0.5121606658923732,0.4867198572836962,0.7630827940932471,0.04815357368408353,0.5471698468005088,0.522796221110657,0.7899518831923013,0.03379372176963592,0.5922992091145401,0.5723441148399258,0.8282263149162103,0.007627412960809936,154.0,0.11547619047619048,0.0855397148676171,0.2727272727272727,0.14935064935064934,0.2331168831168831,0.1894093686354379,0.45454545454545453,0.19874768089053804,0.29707792207792205,0.2505091649694501,0.525974025974026,0.19385178313749743,0.3692640692640693,0.329938900203666,0.6363636363636364,0.15609801453957298,0.5637445887445888,0.5295315682281059,0.8116883116883117,0.04983765414748143,0.6066017316017316,0.5723014256619144,0.8441558441558441,0.03516944546307844,0.6579004329004329,0.6334012219959266,0.8896103896103896,0.0080165281643477
strict-candidate,train_kfold,0.5,0.0,0.0,0.25,0.25,245.6,0.08711144295116421,0.07209766910315162,0.24184171229467397,0.11995387423261987,0.1836984126984127,0.1561775983138017,0.394126431060229,0.16631084721925934,0.244764504175654,0.21340528639136663,0.4796482495437199,0.16952792328700744,0.32049156573198384,0.28882430635803047,0.570864443338311,0.1423670755437804,0.5138277750124439,0.4876843689690264,0.7647088103534097,0.048251745439061224,0.5469249488413251,0.5227827590093985,0.78913887506222,0.03379326444384847,0.5922992091145401,0.5723441148399258,0.8282263149162103,0.007627412960809936,154.0,0.10876623376623376,0.07942973523421588,0.2532467532467532,0.1396103896103896,0.2331168831168831,0.1894093686354379,0.45454545454545453,0.19874768089053804,0.29707792207792205,0.2505091649694501,0.525974025974026,0.19385178313749743,0.3692640692640693,0.329938900203666,0.6363636363636364,0.15609801453957298,0.5691558441558442,0.5336048879837068,0.8116883116883117,0.05022826308625863,0.6082251082251082,0.5743380855397149,0.8506493506493507,0.035294320587953565,0.6579004329004329,0.6334012219959266,0.8896103896103896,0.0080165281643477
strict-candidate,train_kfold,0.0,0.0,0.0,1.0,0.0,245.6,0.08742436812123223,0.07206124632171125,0.24184171229467397,0.12030761572921851,0.18372783584978708,0.15595826487347647,0.3941297494607599,0.16616008122180345,0.2450355068856811,0.213647417141972,0.47964824954372,0.16973117531952775,0.3196225872462806,0.2878623587693871,0.5676057740169238,0.14189916405147865,0.5103406338145015,0.484116792791327,0.7598307615729218,0.047891779720789854,0.5430547536087607,0.5170126362730885,0.7907648913223826,0.033419950708456304,0.5922992091145401,0.5723441148399258,0.8282263149162103,0.007627412960809936,154.0,0.10876623376623376,0.07942973523421588,0.2532467532467532,0.1396103896103896,0.2331168831168831,0.1894093686354379,0.45454545454545453,0.19874768089053804,0.2941558441558441,0.24643584521384929,0.512987012987013,0.1911100803957947,0.3692640692640693,0.329938900203666,0.6363636363636364,0.15609801453957298,0.5637445887445888,0.5295315682281059,0.8116883116883117,0.04983765414748143,0.604004329004329,0.5682281059063137,0.8441558441558441,0.034922073787135334,0.6579004329004329,0.6334012219959266,0.8896103896103896,0.0080165281643477
strict-candidate,train_kfold,0.25,0.0,0.0,0.75,0.0,245.6,0.08742436812123223,0.07206124632171125,0.24184171229467397,0.12030761572921851,0.18372783584978708,0.15595826487347647,0.3941297494607599,0.16616008122180345,0.2450355068856811,0.213647417141972,0.47964824954372,0.16973117531952775,0.3196225872462806,0.2878623587693871,0.5676057740169238,0.14189916405147865,0.5103406338145015,0.484116792791327,0.7598307615729218,0.047891779720789854,0.5430547536087607,0.5170126362730885,0.7907648913223826,0.033419950708456304,0.5922992091145401,0.5723441148399258,0.8282263149162103,0.007627412960809936,154.0,0.10876623376623376,0.07942973523421588,0.2532467532467532,0.1396103896103896,0.2331168831168831,0.1894093686354379,0.45454545454545453,0.19874768089053804,0.2941558441558441,0.24643584521384929,0.512987012987013,0.1911100803957947,0.3692640692640693,0.329938900203666,0.6363636363636364,0.15609801453957298,0.5637445887445888,0.5295315682281059,0.8116883116883117,0.04983765414748143,0.604004329004329,0.5682281059063137,0.8441558441558441,0.034922073787135334,0.6579004329004329,0.6334012219959266,0.8896103896103896,0.0080165281643477
strict-candidate,train_kfold,0.5,0.0,0.0,0.5,0.0,245.6,0.08742436812123223,0.07206124632171125,0.24184171229467397,0.12030761572921851,0.18372783584978708,0.15595826487347647,0.3941297494607599,0.16616008122180345,0.2450355068856811,0.213647417141972,0.47964824954372,0.16973117531952775,0.3196225872462806,0.2878623587693871,0.5676057740169238,0.14189916405147865,0.5103406338145015,0.484116792791327,0.7598307615729218,0.047891779720789854,0.5430547536087607,0.5170126362730885,0.7907648913223826,0.033419950708456304,0.5922992091145401,0.5723441148399258,0.8282263149162103,0.007627412960809936,154.0,0.10876623376623376,0.07942973523421588,0.2532467532467532,0.1396103896103896,0.2331168831168831,0.1894093686354379,0.45454545454545453,0.19874768089053804,0.2941558441558441,0.24643584521384929,0.512987012987013,0.1911100803957947,0.3692640692640693,0.329938900203666,0.6363636363636364,0.15609801453957298,0.5637445887445888,0.5295315682281059,0.8116883116883117,0.04983765414748143,0.604004329004329,0.5682281059063137,0.8441558441558441,0.034922073787135334,0.6579004329004329,0.6334012219959266,0.8896103896103896,0.0080165281643477
strict-candidate,train_kfold,0.75,0.0,0.0,0.25,0.0,245.6,0.08742436812123223,0.07206124632171125,0.24184171229467397,0.12030761572921851,0.18372783584978708,0.15595826487347647,0.3941297494607599,0.16616008122180345,0.2450355068856811,0.213647417141972,0.47964824954372,0.16973117531952775,0.3196225872462806,0.2878623587693871,0.5676057740169238,0.14189916405147865,0.5103406338145015,0.484116792791327,0.7598307615729218,0.047891779720789854,0.5430547536087607,0.5170126362730885,0.7907648913223826,0.033419950708456304,0.5922992091145401,0.5723441148399258,0.8282263149162103,0.007627412960809936,154.0,0.10876623376623376,0.07942973523421588,0.2532467532467532,0.1396103896103896,0.2331168831168831,0.1894093686354379,0.45454545454545453,0.19874768089053804,0.2941558441558441,0.24643584521384929,0.512987012987013,0.1911100803957947,0.3692640692640693,0.329938900203666,0.6363636363636364,0.15609801453957298,0.5637445887445888,0.5295315682281059,0.8116883116883117,0.04983765414748143,0.604004329004329,0.5682281059063137,0.8441558441558441,0.034922073787135334,0.6579004329004329,0.6334012219959266,0.8896103896103896,0.0080165281643477
strict-candidate,train_kfold,1.0,0.0,0.0,0.0,0.0,245.6,0.08742436812123223,0.07206124632171125,0.24184171229467397,0.12030761572921851,0.18372783584978708,0.15595826487347647,0.3941297494607599,0.16616008122180345,0.2450355068856811,0.213647417141972,0.47964824954372,0.16973117531952775,0.3196225872462806,0.2878623587693871,0.5676057740169238,0.14189916405147865,0.5103406338145015,0.484116792791327,0.7598307615729218,0.047891779720789854,0.5430547536087607,0.5170126362730885,0.7907648913223826,0.033419950708456304,0.5922992091145401,0.5723441148399258,0.8282263149162103,0.007627412960809936,154.0,0.10876623376623376,0.07942973523421588,0.2532467532467532,0.1396103896103896,0.2331168831168831,0.1894093686354379,0.45454545454545453,0.19874768089053804,0.2941558441558441,0.24643584521384929,0.512987012987013,0.1911100803957947,0.3692640692640693,0.329938900203666,0.6363636363636364,0.15609801453957298,0.5637445887445888,0.5295315682281059,0.8116883116883117,0.04983765414748143,0.604004329004329,0.5682281059063137,0.8441558441558441,0.034922073787135334,0.6579004329004329,0.6334012219959266,0.8896103896103896,0.0080165281643477
strict-candidate,train_kfold,0.0,0.0,0.0,0.5,0.5,245.6,0.09027974116475859,0.07372491056346608,0.24753940600630497,0.12399059786516234,0.18077910513799017,0.15310863587190143,0.3933167413306786,0.16335475281866524,0.23563812842210058,0.20624992270712122,0.48127426580388255,0.16380616063692222,0.3200453514739229,0.29070642032542576,0.5839223494275758,0.14323060270297702,0.5213631989381119,0.4969361671943048,0.7728488468558155,0.049163067910947524,0.5529628892207289,0.5286103846591408,0.8005442176870747,0.03417149810130526,0.5922992091145401,0.5723441148399258,0.8282263149162103,0.007627412960809936,154.0,0.1001082251082251,0.07739307535641547,0.24675324675324675,0.13095238095238096,0.2185064935064935,0.18329938900203666,0.461038961038961,0.1895640074211503,0.28268398268398265,0.24236252545824846,0.5324675324675324,0.1860544217687075,0.4002164502164502,0.34419551934826886,0.6883116883116883,0.16334985360959386,0.5888528138528139,0.5621181262729125,0.8506493506493507,0.05289382728697431,0.6264069264069264,0.594704684317719,0.8766233766233766,0.03654440036051029,0.6579004329004329,0.6334012219959266,0.8896103896103896,0.0080165281643477
strict-candidate,train_kfold,0.0,0.0,0.25,0.5,0.25,245.6,0.08556506830374426,0.07060557996875197,0.2369669819147171,0.11752392013716055,0.17905563851556883,0.15395771524217214,0.3965621370499419,0.16324405255714364,0.2413247607986284,0.21280473521278967,0.4942956694873072,0.16849282198361343,0.3258826945412311,0.29437912921650555,0.5847187655550025,0.14499951351121088,0.5244397433770256,0.49904672312838716,0.7769238427078149,0.049374722862556335,0.5546423870361152,0.5302910564143446,0.8021735523477684,0.0342802099436766,0.5922992091145401,0.5723441148399258,0.8282263149162103,0.007627412960809936,154.0,0.09545454545454544,0.06924643584521385,0.22077922077922077,0.12294372294372294,0.23647186147186144,0.1955193482688391,0.4935064935064935,0.20349412492269636,0.30173160173160174,0.25661914460285135,0.5584415584415584,0.19757781900639046,0.3900432900432901,0.35234215885947046,0.6688311688311688,0.16581859698742815,0.5898268398268398,0.5539714867617108,0.8636363636363636,0.0521414794648718,0.6241341991341991,0.594704684317719,0.8766233766233766,0.03653957325484285,0.6579004329004329,0.6334012219959266,0.8896103896103896,0.0080165281643477
strict-candidate,train_kfold,0.0,0.0,0.25,0.25,0.5,245.6,0.08286488579171505,0.06764533783155467,0.22717438194790113,0.11319296499087442,0.17339936950389911,0.14808051598343372,0.3867960842873735,0.15740121832705206,0.22925430009402134,0.20152287460373858,0.4747735191637631,0.15983756166035906,0.3102925170068027,0.2833530402953214,0.5774083291853327,0.13938908478281303,0.5186619102925724,0.4953421752658409,0.7696034511365522,0.04901517696928561,0.5527842486588131,0.5291187627728682,0.794843205574913,0.034202053914170964,0.5922992091145401,0.5723441148399258,0.8282263149162103,0.007627412960809936,154.0,0.10454545454545455,0.07535641547861507,0.24025974025974026,0.13376623376623378,0.22034632034632032,0.18126272912423624,0.44805194805194803,0.18843537414965986,0.2813852813852814,0.23625254582484725,0.5324675324675324,0.1821789321789322,0.40725108225108225,0.35845213849287166,0.6818181818181818,0.169507116260363,0.5885281385281386,0.5539714867617108,0.8701298701298701,0.05214977168358368,0.6238095238095238,0.5906313645621182,0.8766233766233766,0.03629702868456718,0.6579004329004329,0.6334012219959266,0.8896103896103896,0.0080165281643477
strict-candidate,train_kfold,0.0,0.0,0.0,0.25,0.75,245.6,0.08752065704330513,0.07156533799526844,0.24021901443504232,0.11992799070847851,0.1722710027100271,0.14651464525718041,0.3843504230960677,0.15634687556788104,0.22233891930756045,0.1945298920545227,0.4544217687074831,0.1545463799147224,0.3007685415629666,0.27338287110785725,0.5627509540401526,0.13469048975470083,0.5049634422874841,0.47982284870288316,0.7622664675626348,0.04749218136082898,0.544504673414081,0.5208949688609119,0.78913887506222,0.033671119588809084,0.5922992091145401,0.5723441148399258,0.8282263149162103,0.007627412960809936,154.0,0.10746753246753248,0.0814663951120163,0.2597402597402597,0.1406926406926407,0.21309523809523812,0.17718940936863545,0.44805194805194803,0.18368893011750154,0.2551948051948052,0.2219959266802444,0.5064935064935064,0.1693619872191301,0.36158008658008656,0.31771894093686354,0.6493506493506493,0.15037927440524843,0.5732683982683983,0.5437881873727087,0.8506493506493507,0.05118275838222952,0.6102813852813853,0.5824847250509165,0.8701298701298701,0.035790158111228224,0.6579004329004329,0.6334012219959266,0.8896103896103896,0.0080165281643477
strict-candidate,train_kfold,0.0,0.0,0.25,0.75,0.0,245.6,0.07948227421049721,0.06599851351417499,0.22149659863945578,0.1094881920247774,0.17160190254963775,0.14718524987473955,0.3794591007134561,0.15605863297700034,0.23001095072175212,0.19978602381716415,0.4714750290360047,0.15874274231566418,0.3151097284442232,0.28681530950346174,0.5684055085448814,0.14103995368604627,0.513966650074664,0.4878902703769822,0.7638991206238593,0.04827493290772313,0.5456601404789558,0.5203627986147052,0.7932105525136884,0.033638008711244866,0.5922992091145401,0.5723441148399258,0.8282263149162103,0.007627412960809936,154.0,0.10292207792207791,0.07535641547861507,0.24025974025974026,0.13333333333333333,0.20313852813852815,0.17311608961303462,0.42857142857142855,0.1787878787878788,0.2937229437229437,0.2525458248472505,0.551948051948052,0.19407854050711196,0.3787878787878788,0.34419551934826886,0.6428571428571429,0.16190735671255152,0.5760822510822511,0.539714867617108,0.8246753246753247,0.05079586047653175,0.6059523809523809,0.5743380855397149,0.8636363636363636,0.03528949348228612,0.6579004329004329,0.6334012219959266,0.8896103896103896,0.0080165281643477
strict-candidate,train_kfold,0.0,0.0,0.5,0.25,0.25,245.6,0.07484829378906034,0.06235570877267717,0.20926829268292685,0.10329118964659034,0.1558895525689951,0.13767970701713278,0.35337979094076655,0.14422717612015773,0.20615519053149717,0.18300801245364073,0.43890160942425754,0.14472154932433678,0.27514446103644713,0.2519564839091425,0.5244566119130579,0.12384949755183702,0.4898929815828771,0.46801619249723886,0.7459830761572922,0.04629999113191739,0.5403453901885957,0.5149742056414698,0.7923975443836071,0.03329577468624415,0.5922992091145401,0.5723441148399258,0.8282263149162103,0.007627412960809936,154.0,0.10227272727272728,0.07739307535641547,0.24675324675324675,0.13333333333333333,0.21385281385281382,0.17922606924643583,0.42857142857142855,0.1860235003092146,0.25887445887445887,0.23217922606924643,0.512987012987013,0.17644300144300146,0.3367965367965368,0.3075356415478615,0.5974025974025974,0.14465383101746737,0.5731601731601732,0.5356415478615071,0.8571428571428571,0.05041665741190669,0.6017316017316018,0.5682281059063137,0.8766233766233766,0.034917246681467895,0.6579004329004329,0.6334012219959266,0.8896103896103896,0.0080165281643477
strict-candidate,train_kfold,0.0,0.25,0.0,0.75,0.0,245.6,0.07840821857198163,0.06327892397497616,0.2125634644101543,0.10715613074498091,0.15708976273436204,0.13564627132977525,0.3599236767877883,0.14402270734077602,0.20552309053702783,0.1826526934119636,0.4332238261158122,0.1446301510925702,0.281433991482772,0.2578055191931069,0.5423627011780322,0.12689222574339548,0.4929425916708146,0.46700331093000347,0.7484320557491289,0.046226570370896544,0.5336908909905425,0.5103547064962541,0.7818184834909574,0.03299818287723688,0.5922992091145401,0.5723441148399258,0.8282263149162103,0.007627412960809936,154.0,0.08733766233766234,0.06313645621181263,0.2012987012987013,0.11147186147186149,0.1971861471861472,0.15885947046843177,0.4025974025974026,0.16689857761286334,0.26590909090909093,0.2219959266802444,0.512987012987013,0.17123788909503196,0.3348484848484849,0.29327902240325865,0.6103896103896104,0.13891368371887852,0.5752164502164502,0.5437881873727087,0.8441558441558441,0.05119131372675324,0.596969696969697,0.570264765784114,0.8636363636363636,0.03504195534746676,0.6579004329004329,0.6334012219959266,0.8896103896103896,0.0080165281643477
strict-candidate,train_kfold,0.0,0.25,0.75,0.0,0.0,245.6,0.07688291576793319,0.062286145443400685,0.20928820308611246,0.10505812731596705,0.1558386704275206,0.13417908668460546,0.3558387257341961,0.1426894609179328,0.2031283114871965,0.18002621358144136,0.43484320557491285,0.14274170465708544,0.2788327526132404,0.25483543627108096,0.5382910237265638,0.1255066464424354,0.48818162712239366,0.46141957452497345,0.7468027210884354,0.045678092743407964,0.5300279298711355,0.5062471876588764,0.7785598141695702,0.032732431800554754,0.5922992091145401,0.5723441148399258,0.8282263149162103,0.007627412960809936,154.0,0.09112554112554112,0.06517311608961303,0.2077922077922078,0.11645021645021646,0.20324675324675326,0.15885947046843177,0.4090909090909091,0.16906307977736548,0.26363636363636367,0.2158859470468432,0.5064935064935064,0.1677540713254999,0.3436147186147186,0.29938900203665986,0.6233766233766234,0.1417640800757684,0.5668831168831169,0.5356415478615071,0.8506493506493507,0.050421501723351,0.594047619047619,0.5661914460285132,0.8636363636363636,0.03479339438462009,0.6579004329004329,0.6334012219959266,0.8896103896103896,0.0080165281643477
strict-candidate,train_kfold,0.0,0.25,0.0,0.5,0.25,245.6,0.07724124771859964,0.06206879040054417,0.20849510535921686,0.10539240086278415,0.15555793374260274,0.134158461210585,0.35666832586693215,0.14254297723735257,0.20393589956307726,0.18168291662792896,0.4348564791770366,0.14378388521494548,0.2768836347547149,0.2532141133890785,0.5366583706653393,0.12467876694954842,0.4880940766550522,0.4635822226297487,0.7459830761572922,0.04588843059338484,0.531261766495216,0.5076957496807591,0.7793761407001825,0.03282622309452861,0.5922992091145401,0.5723441148399258,0.8282263149162103,0.007627412960809936,154.0,0.09058441558441557,0.06517311608961303,0.2077922077922078,0.1158008658008658,0.19393939393939394,0.15682281059063136,0.3961038961038961,0.16430117501546074,0.2616883116883117,0.2158859470468432,0.5,0.16719748505462792,0.3386363636363636,0.2973523421588595,0.6168831168831169,0.14084032850266615,0.5709956709956711,0.5376782077393075,0.8441558441558441,0.05062389308260626,0.5937229437229438,0.5682281059063137,0.8636363636363636,0.03491463169073134,0.6579004329004329,0.6334012219959266,0.8896103896103896,0.0080165281643477
strict-candidate,train_kfold,0.0,0.0,0.5,0.5,0.0,245.6,0.07143421270947403,0.05923939693262108,0.19870250539240086,0.09822454510259389,0.155864664565013,0.13482223567412382,0.3541927990708479,0.14243929302266783,0.2023149715170621,0.17912138985213813,0.4226381284221006,0.1418171587643962,0.2701564072783585,0.2479045638470554,0.5195553343288535,0.12174077744610348,0.49286012941762075,0.46804686679766644,0.7508644433383109,0.046309954054861414,0.5346083734306731,0.5090223692459686,0.785880205740833,0.03290357744672176,0.5922992091145401,0.5723441148399258,0.8282263149162103,0.007627412960809936,154.0,0.1,0.07331975560081466,0.23376623376623376,0.12943722943722943,0.20573593073593074,0.18126272912423624,0.42207792207792205,0.1852813852813853,0.24956709956709955,0.2219959266802444,0.5064935064935064,0.16906823335394766,0.3138528138528139,0.285132382892057,0.577922077922078,0.13434184862756293,0.5594155844155845,0.5173116089613035,0.8311688311688312,0.04870869442020892,0.5896103896103896,0.5580448065173116,0.8571428571428571,0.03428673852056894,0.6579004329004329,0.6334012219959266,0.8896103896103896,0.0080165281643477
strict-candidate,train_kfold,0.0,0.25,0.25,0.5,0.0,245.6,0.07674780155964825,0.06254658980335656,0.21011116641778665,0.105223162435706,0.15412936231403132,0.133670919735536,0.35177700348432056,0.14171442003049767,0.2052930147668824,0.18243352334154023,0.43729550356728064,0.1444449922438972,0.28259227918809804,0.2577747293175336,0.5431823461091754,0.12699410119220972,0.4918833582213373,0.4655389338748336,0.7492450638792102,0.04608428780794689,0.5331082904706598,0.5094199921240642,0.7801924672307947,0.03293618040886206,0.5922992091145401,0.5723441148399258,0.8282263149162103,0.007627412960809936,154.0,0.09188311688311689,0.06720977596741344,0.21428571428571427,0.11796536796536797,0.19675324675324676,0.15682281059063136,0.4025974025974026,0.16581632653061223,0.2551948051948052,0.21384928716904278,0.5,0.16503298289012577,0.3390692640692641,0.29938900203665986,0.6298701298701299,0.14157292923526688,0.5687229437229437,0.5376782077393075,0.8441558441558441,0.050612569832501335,0.596969696969697,0.570264765784114,0.8636363636363636,0.03504195534746676,0.6579004329004329,0.6334012219959266,0.8896103896103896,0.0080165281643477
strict-candidate,train_kfold,0.0,0.25,0.5,0.25,0.0,245.6,0.0759901554117582,0.06157592503356463,0.20685249709639955,0.10400342901388197,0.1538542116033405,0.13248782367900055,0.3509507217521155,0.14093309472453325,0.20568884464354847,0.1821940545369002,0.43811514849842376,0.14436463164437283,0.2809057574249212,0.2570794359552274,0.5399137215861954,0.1265596539404404,0.4908948620098446,0.46456362203421026,0.7500580720092915,0.04598767563622677,0.531929428682042,0.5084150941349588,0.7801924672307947,0.032873177096217426,0.5922992091145401,0.5723441148399258,0.8282263149162103,0.007627412960809936,154.0,0.09058441558441557,0.06517311608961303,0.2077922077922078,0.1158008658008658,0.20324675324675326,0.15885947046843177,0.4090909090909091,0.16906307977736548,0.2647186147186147,0.21792260692464357,0.5064935064935064,0.16914553700267987,0.33744588744588744,0.2973523421588595,0.6103896103896104,0.14064528545048025,0.5706709956709957,0.5376782077393075,0.8441558441558441,0.05062112517702506,0.5956709956709957,0.5682281059063137,0.8636363636363636,0.03491826950949521,0.6579004329004329,0.6334012219959266,0.8896103896103896,0.0080165281643477
strict-candidate,train_kfold,0.0,0.5,0.0,0.5,0.0,245.6,0.07614053426248549,0.06111080633423571,0.20523643603782976,0.10381638183728777,0.15351794701620486,0.13198331123832946,0.3517703666832587,0.14040398366082787,0.20132863226591452,0.17974398781513007,0.4332238261158122,0.14214365513917532,0.27428068137824235,0.2512524195946545,0.5325933300149328,0.12373344514011513,0.484689010563575,0.45919845539759774,0.7435407333665174,0.04546086106976753,0.5298345224268569,0.5062442166989747,0.7801891488302639,0.032732289907924206,0.5922992091145401,0.5723441148399258,0.8282263149162103,0.007627412960809936,154.0,0.08798701298701299,0.06109979633401222,0.19480519480519481,0.11147186147186149,0.18961038961038962,0.15682281059063136,0.38961038961038963,0.16321892393320964,0.2538961038961039,0.21181262729124237,0.487012987012987,0.16373428159142447,0.33354978354978354,0.29124236252545826,0.5974025974025974,0.13804788285307767,0.5670995670995671,0.5315682281059063,0.8311688311688312,0.05005924034404048,0.5937229437229438,0.5682281059063137,0.8636363636363636,0.03491463169073134,0.6579004329004329,0.6334012219959266,0.8896103896103896,0.0080165281643477
strict-candidate,train_kfold,0.0,0.25,0.0,0.25,0.5,245.6,0.07716011282561805,0.061588231202488096,0.2068657706985233,0.10495791161993254,0.15351794701620486,0.13198331123832946,0.3517703666832587,0.14040398366082787,0.20116536695979206,0.179508693697483,0.4332238261158122,0.14198038983305286,0.2735074940545324,0.25051308542017475,0.5325933300149328,0.123372924625289,0.484689010563575,0.4591921389432341,0.7435407333665174,0.04546086106976753,0.5298345224268569,0.5062442166989747,0.7801891488302639,0.032732289907924206,0.5922992091145401,0.5723441148399258,0.8282263149162103,0.007627412960809936,154.0,0.08798701298701299,0.06109979633401222,0.19480519480519481,0.11147186147186149,0.18961038961038962,0.15682281059063136,0.38961038961038963,0.16321892393320964,0.25173160173160175,0.20977596741344195,0.487012987012987,0.16211090496804784,0.33354978354978354,0.29124236252545826,0.5974025974025974,0.13804788285307767,0.5670995670995671,0.5315682281059063,0.8311688311688312,0.05005924034404048,0.5937229437229438,0.5682281059063137,0.8636363636363636,0.03491463169073134,0.6579004329004329,0.6334012219959266,0.8896103896103896,0.0080165281643477
strict-candidate,train_kfold,0.0,0.5,0.25,0.25,0.0,245.6,0.07729351252696201,0.06255670641015317,0.21011780321884851,0.1056337591947348,0.15259487860184723,0.13174118048772415,0.34851169736187154,0.13992939707822732,0.2021856092030308,0.17998956190947563,0.43566948730711796,0.14243383083004785,0.27224727614623084,0.24909035718909736,0.5293346606935457,0.12267895878249288,0.4841192411924119,0.45870443409828326,0.7443537414965986,0.0454125628211966,0.5301900337370721,0.506711459439807,0.7801891488302639,0.032763369182208034,0.5922992091145401,0.5723441148399258,0.8282263149162103,0.007627412960809936,154.0,0.09058441558441557,0.06517311608961303,0.2077922077922078,0.1158008658008658,0.19350649350649352,0.15478615071283094,0.3961038961038961,0.16321892393320964,0.2551948051948052,0.21384928716904278,0.4935064935064935,0.16503298289012577,0.3348484848484849,0.29327902240325865,0.6038961038961039,0.13891368371887852,0.5683982683982683,0.5336048879837068,0.8311688311688312,0.0502474579235624,0.5924242424242424,0.5661914460285132,0.8636363636363636,0.03479094585275979,0.6579004329004329,0.6334012219959266,0.8896103896103896,0.0080165281643477
strict-candidate,train_kfold,0.0,0.25,0.25,0.25,0.25,245.6,0.07736153973784636,0.06254324430889475,0.21011780321884851,0.10571539184779603,0.1523108235163984,0.13174384243368942,0.34933134229301477,0.13977912093989747,0.20432879818594105,0.18120299318361316,0.43729550356728053,0.14357120207742408,0.2770397101930203,0.252955793070626,0.5358519993363199,0.12460107062894518,0.4879884962114927,0.4623723980692532,0.7467960842873735,0.045771735452520515,0.5307062662463359,0.5069770232544326,0.7793761407001825,0.03277955172504689,0.5922992091145401,0.5723441148399258,0.8282263149162103,0.007627412960809936,154.0,0.09058441558441557,0.06517311608961303,0.2077922077922078,0.1158008658008658,0.19350649350649352,0.15478615071283094,0.3961038961038961,0.16321892393320964,0.2603896103896104,0.21384928716904278,0.5,0.16589878375592662,0.33614718614718614,0.2953156822810591,0.6103896103896104,0.1397794845846794,0.5693722943722944,0.5356415478615071,0.8441558441558441,0.05043290759750313,0.5924242424242424,0.5661914460285132,0.8636363636363636,0.03479094585275979,0.6579004329004329,0.6334012219959266,0.8896103896103896,0.0080165281643477
strict-candidate,train_kfold,0.0,0.5,0.0,0.25,0.25,245.6,0.07688800398208065,0.06135293708484104,0.20604944416791104,0.10454974835462641,0.15237508987334772,0.13126396678412985,0.3493213870914219,0.13958765713021562,0.20172025883524142,0.17975761328629036,0.43403683424589345,0.14227073144395197,0.27133062330623303,0.24930969062942263,0.5293280238924838,0.12270121538215117,0.4839159891598916,0.458459121223118,0.7443537414965986,0.04538865081737068,0.5275824345998562,0.5043082588460776,0.777746806039489,0.03260630565993501,0.5922992091145401,0.5723441148399258,0.8282263149162103,0.007627412960809936,154.0,0.08798701298701299,0.06109979633401222,0.19480519480519481,0.11147186147186149,0.18831168831168832,0.15478615071283094,0.38961038961038963,0.16159554730983303,0.25303030303030305,0.21181262729124237,0.4935064935064935,0.16340960626674914,0.33225108225108224,0.2892057026476578,0.5974025974025974,0.1371820819872768,0.564935064935065,0.5295315682281059,0.8311688311688312,0.049865404329308936,0.5895021645021645,0.5621181262729125,0.8636363636363636,0.03454238488991312,0.6579004329004329,0.6334012219959266,0.8896103896103896,0.0080165281643477
strict-candidate,train_kfold,0.0,0.75,0.0,0.25,0.0,245.6,0.07672540235606437,0.06111080633423571,0.20523643603782976,0.10427874564459931,0.15221414744759693,0.13103164362638461,0.34769868923179026,0.1393857324579077,0.20172025883524142,0.17975447895648666,0.43484984237597474,0.14227073144395197,0.27133062330623303,0.24930969062942263,0.5293280238924838,0.12270121538215117,0.48293706100326317,0.45796823425360716,0.7443504230960677,0.045339967624921394,0.5273783529672031,0.504059502627172,0.777746806039489,0.03259060707280785,0.5922992091145401,0.5723441148399258,0.8282263149162103,0.007627412960809936,154.0,0.08798701298701299,0.06109979633401222,0.19480519480519481,0.11147186147186149,0.18831168831168832,0.15478615071283094,0.38961038961038963,0.16159554730983303,0.25303030303030305,0.21181262729124237,0.4935064935064935,0.16340960626674914,0.33095238095238094,0.28716904276985744,0.5974025974025974,0.13631628112147592,0.564935064935065,0.5295315682281059,0.8311688311688312,0.049865404329308936,0.5895021645021645,0.5621181262729125,0.8636363636363636,0.03454238488991312,0.6579004329004329,0.6334012219959266,0.8896103896103896,0.0080165281643477
strict-candidate,train_kfold,0.0,0.25,0.5,0.0,0.25,245.6,0.07544593772468337,0.06110137327593564,0.20521984403517504,0.10318710248326975,0.15112997068746198,0.13077761357007076,0.3460693545710967,0.13884747999083488,0.2024091034787899,0.1797703117156411,0.4324008627841381,0.14231271184431962,0.2743911841159228,0.2520069507745483,0.53258337481334,0.12401337272317861,0.487258448094685,0.4611784363368011,0.7468027210884354,0.04565217842002175,0.529377357447044,0.5064824817765234,0.777746806039489,0.03274720866273409,0.5922992091145401,0.5723441148399258,0.8282263149162103,0.007627412960809936,154.0,0.09058441558441557,0.06517311608961303,0.2077922077922078,0.1158008658008658,0.2,0.15682281059063136,0.4025974025974026,0.16646567717996288,0.2603896103896104,0.21384928716904278,0.5,0.16589878375592662,0.33614718614718614,0.2953156822810591,0.6103896103896104,0.1397794845846794,0.5688311688311688,0.5356415478615071,0.8506493506493507,0.05043005706787473,0.5895021645021645,0.5621181262729125,0.8636363636363636,0.03454238488991312,0.6579004329004329,0.6334012219959266,0.8896103896103896,0.0080165281643477
strict-candidate,train_kfold,0.0,0.5,0.5,0.0,0.0,245.6,0.07661434655162878,0.06183370744755523,0.20767214202754275,0.10457419390520435,0.150221447928765,0.1297882693950722,0.3428140036502406,0.13789233370467815,0.20196731375477023,0.1792699084413395,0.43403683424589345,0.14193678973718798,0.272613295724794,0.24956507231662822,0.5301410320225651,0.12290353548890134,0.48439356230297,0.45847842739490163,0.7435407333665174,0.04538914276178923,0.52823914606493,0.5054847294343128,0.7777501244400199,0.032684354252677385,0.5922992091145401,0.5723441148399258,0.8282263149162103,0.007627412960809936,154.0,0.09058441558441557,0.06517311608961303,0.2077922077922078,0.1158008658008658,0.2,0.15682281059063136,0.4025974025974026,0.16646567717996288,0.2551948051948052,0.21384928716904278,0.5,0.16503298289012577,0.3352813852813853,0.2953156822810591,0.6038961038961039,0.13964628445147925,0.5662337662337662,0.5315682281059063,0.8311688311688312,0.050053621908830864,0.5911255411255412,0.5641547861507128,0.8636363636363636,0.03466726001478824,0.6579004329004329,0.6334012219959266,0.8896103896103896,0.0080165281643477
strict-candidate,train_kfold,0.0,0.25,0.25,0.0,0.5,245.6,0.07692682926829268,0.06208246366646071,0.20848846855815495,0.1050362258724628,0.15011304684475416,0.1297882693950722,0.3428140036502406,0.13782458302717138,0.20169714064487584,0.17903758528359423,0.4348531607765057,0.1417342751270078,0.2727758973508102,0.2498135195215972,0.5309573585531774,0.12301193657291218,0.48423162435705985,0.4582263256815343,0.7435440517670482,0.04536567349426603,0.5278309827996239,0.5052359732154074,0.7777501244400199,0.03266834785011636,0.5922992091145401,0.5723441148399258,0.8282263149162103,0.007627412960809936,154.0,0.09058441558441557,0.06517311608961303,0.2077922077922078,0.1158008658008658,0.19350649350649352,0.15478615071283094,0.3961038961038961,0.16321892393320964,0.2538961038961039,0.21181262729124237,0.4935064935064935,0.16373428159142447,0.3352813852813853,0.2953156822810591,0.6038961038961039,0.13964628445147925,0.5662337662337662,0.5315682281059063,0.8311688311688312,0.050053621908830864,0.5911255411255412,0.5641547861507128,0.8636363636363636,0.03466726001478824,0.6579004329004329,0.6334012219959266,0.8896103896103896,0.0080165281643477
strict-candidate,train_kfold,0.0,0.5,0.25,0.0,0.25,245.6,0.07725468724074995,0.06159188571088644,0.20686245229799236,0.10503843813948344,0.14941850561362757,0.13005336082585947,0.34281068524970965,0.13773045896639724,0.20172313478236825,0.1795252901285451,0.43566948730711796,0.1420619671794386,0.2705880758807588,0.24811541988303404,0.5277020076323212,0.1221604915741302,0.4824509153254798,0.4570124397494256,0.7435407333665174,0.04524501522759057,0.5270528178751175,0.5038104373943301,0.7769337979094078,0.03257529427918383,0.5922992091145401,0.5723441148399258,0.8282263149162103,0.007627412960809936,154.0,0.09058441558441557,0.06517311608961303,0.2077922077922078,0.1158008658008658,0.19350649350649352,0.15478615071283094,0.3961038961038961,0.16321892393320964,0.2538961038961039,0.21181262729124237,0.487012987012987,0.16373428159142447,0.3313852813852814,0.2892057026476578,0.5974025974025974,0.13704888185407665,0.5662337662337662,0.5315682281059063,0.8311688311688312,0.050053621908830864,0.5911255411255412,0.5641547861507128,0.8636363636363636,0.03466726001478824,0.6579004329004329,0.6334012219959266,0.8896103896103896,0.0080165281643477
strict-candidate,train_kfold,0.0,0.0,0.0,0.0,1.0,245.6,0.07688800398208065,0.06135925353920466,0.2060494441679111,0.10454974835462641,0.1495803329461866,0.12958277259056536,0.3428140036502406,0.13756641936681757,0.20176090924174547,0.17974733330959186,0.43484984237597474,0.1422887982912871,0.27090879929207456,0.24809929583581036,0.5285116973618715,0.12215657844727035,0.4817700901498811,0.45674468637267307,0.7435374149659864,0.045220265198784165,0.5253963829434213,0.5026071404528564,0.7769337979094078,0.032496067703400786,0.5922992091145401,0.5723441148399258,0.8282263149162103,0.007627412960809936,154.0,0.08798701298701299,0.06109979633401222,0.19480519480519481,0.11147186147186149,0.18831168831168832,0.15478615071283094,0.3961038961038961,0.16159554730983303,0.25173160173160175,0.20977596741344195,0.487012987012987,0.16211090496804784,0.32932900432900436,0.285132382892057,0.5909090909090909,0.13538863733668927,0.564935064935065,0.5295315682281059,0.8311688311688312,0.049865404329308936,0.5908008658008658,0.5641547861507128,0.8636363636363636,0.03466607072788467,0.6579004329004329,0.6334012219959266,0.8896103896103896,0.0080165281643477
strict-candidate,train_kfold,0.0,0.25,0.0,0.0,0.75,245.6,0.07688800398208065,0.06135925353920466,0.2060494441679111,0.10454974835462641,0.1495803329461866,0.12958277259056536,0.3428140036502406,0.13756641936681757,0.20176090924174547,0.17974733330959186,0.43484984237597474,0.1422887982912871,0.27090879929207456,0.24809929583581036,0.5285116973618715,0.12215657844727035,0.4817700901498811,0.45674468637267307,0.7435374149659864,0.045220265198784165,0.5253963829434213,0.5026071404528564,0.7769337979094078,0.032496067703400786,0.5922992091145401,0.5723441148399258,0.8282263149162103,0.007627412960809936,154.0,0.08798701298701299,0.06109979633401222,0.19480519480519481,0.11147186147186149,0.18831168831168832,0.15478615071283094,0.3961038961038961,0.16159554730983303,0.25173160173160175,0.20977596741344195,0.487012987012987,0.16211090496804784,0.32932900432900436,0.285132382892057,0.5909090909090909,0.13538863733668927,0.564935064935065,0.5295315682281059,0.8311688311688312,0.049865404329308936,0.5908008658008658,0.5641547861507128,0.8636363636363636,0.03466607072788467,0.6579004329004329,0.6334012219959266,0.8896103896103896,0.0080165281643477
strict-candidate,train_kfold,0.0,0.5,0.0,0.0,0.5,245.6,0.07688800398208065,0.06135925353920466,0.2060494441679111,0.10454974835462641,0.1495803329461866,0.12958277259056536,0.3428140036502406,0.13756641936681757,0.20176090924174547,0.17974733330959186,0.43484984237597474,0.1422887982912871,0.27090879929207456,0.24809929583581036,0.5285116973618715,0.12215657844727035,0.4817700901498811,0.45674468637267307,0.7435374149659864,0.045220265198784165,0.5253963829434213,0.5026071404528564,0.7769337979094078,0.032496067703400786,0.5922992091145401,0.5723441148399258,0.8282263149162103,0.007627412960809936,154.0,0.08798701298701299,0.06109979633401222,0.19480519480519481,0.11147186147186149,0.18831168831168832,0.15478615071283094,0.3961038961038961,0.16159554730983303,0.25173160173160175,0.20977596741344195,0.487012987012987,0.16211090496804784,0.32932900432900436,0.285132382892057,0.5909090909090909,0.13538863733668927,0.564935064935065,0.5295315682281059,0.8311688311688312,0.049865404329308936,0.5908008658008658,0.5641547861507128,0.8636363636363636,0.03466607072788467,0.6579004329004329,0.6334012219959266,0.8896103896103896,0.0080165281643477
strict-candidate,train_kfold,0.0,0.75,0.0,0.0,0.25,245.6,0.07688800398208065,0.06135925353920466,0.2060494441679111,0.10454974835462641,0.1495803329461866,0.12958277259056536,0.3428140036502406,0.13756641936681757,0.20176090924174547,0.17974733330959186,0.43484984237597474,0.1422887982912871,0.27090879929207456,0.24809929583581036,0.5285116973618715,0.12215657844727035,0.4817700901498811,0.45674468637267307,0.7435374149659864,0.045220265198784165,0.5253963829434213,0.5026071404528564,0.7769337979094078,0.032496067703400786,0.5922992091145401,0.5723441148399258,0.8282263149162103,0.007627412960809936,154.0,0.08798701298701299,0.06109979633401222,0.19480519480519481,0.11147186147186149,0.18831168831168832,0.15478615071283094,0.3961038961038961,0.16159554730983303,0.25173160173160175,0.20977596741344195,0.487012987012987,0.16211090496804784,0.32932900432900436,0.285132382892057,0.5909090909090909,0.13538863733668927,0.564935064935065,0.5295315682281059,0.8311688311688312,0.049865404329308936,0.5908008658008658,0.5641547861507128,0.8636363636363636,0.03466607072788467,0.6579004329004329,0.6334012219959266,0.8896103896103896,0.0080165281643477
strict-candidate,train_kfold,0.0,1.0,0.0,0.0,0.0,245.6,0.07688800398208065,0.06135925353920466,0.2060494441679111,0.10454974835462641,0.1495803329461866,0.12958277259056536,0.3428140036502406,0.13756641936681757,0.20176090924174547,0.17974733330959186,0.43484984237597474,0.1422887982912871,0.27090879929207456,0.24809929583581036,0.5285116973618715,0.12215657844727035,0.4817700901498811,0.45674468637267307,0.7435374149659864,0.045220265198784165,0.5253963829434213,0.5026071404528564,0.7769337979094078,0.032496067703400786,0.5922992091145401,0.5723441148399258,0.8282263149162103,0.007627412960809936,154.0,0.08798701298701299,0.06109979633401222,0.19480519480519481,0.11147186147186149,0.18831168831168832,0.15478615071283094,0.3961038961038961,0.16159554730983303,0.25173160173160175,0.20977596741344195,0.487012987012987,0.16211090496804784,0.32932900432900436,0.285132382892057,0.5909090909090909,0.13538863733668927,0.564935064935065,0.5295315682281059,0.8311688311688312,0.049865404329308936,0.5908008658008658,0.5641547861507128,0.8636363636363636,0.03466607072788467,0.6579004329004329,0.6334012219959266,0.8896103896103896,0.0080165281643477
strict-candidate,train_kfold,0.0,0.75,0.25,0.0,0.0,245.6,0.07700912560146009,0.06160503879820832,0.2068591338974614,0.10476522316243571,0.14920037608539352,0.1295558483880485,0.3419943587190974,0.13739004637859792,0.2024959349593496,0.1802255395756192,0.43648249543719925,0.14265382234969096,0.2709506111387644,0.24858037521246107,0.5285116973618715,0.12238443333117302,0.48147198716885126,0.45651523632555113,0.7427244068359051,0.04519633203514128,0.526238814224877,0.5033333215400142,0.7769337979094078,0.032543409748368016,0.5922992091145401,0.5723441148399258,0.8282263149162103,0.007627412960809936,154.0,0.09058441558441557,0.06517311608961303,0.2077922077922078,0.1158008658008658,0.19350649350649352,0.15478615071283094,0.3961038961038961,0.16321892393320964,0.25173160173160175,0.20977596741344195,0.487012987012987,0.16211090496804784,0.33354978354978354,0.29124236252545826,0.6038961038961039,0.13804788285307767,0.5662337662337662,0.5315682281059063,0.8311688311688312,0.050053621908830864,0.5911255411255412,0.5641547861507128,0.8636363636363636,0.03466726001478824,0.6579004329004329,0.6334012219959266,0.8896103896103896,0.0080165281643477
strict-candidate,train_kfold,0.0,0.0,0.25,0.0,0.75,245.6,0.07434710469553676,0.062319467087005934,0.2092450638792102,0.10297704772966099,0.14775814390796968,0.13035570423061832,0.34769868923179026,0.13714028143196882,0.1974470991648692,0.1761182105727145,0.4291521486643438,0.13924020742636972,0.2848703611525911,0.26236534858940097,0.5464609258337482,0.12903923928513278,0.494611581217853,0.46769376378268734,0.7500547536087605,0.04629932418426007,0.5354393009236215,0.5120925243561973,0.7793728222996515,0.033106921993757,0.5922992091145401,0.5723441148399258,0.8282263149162103,0.007627412960809936,154.0,0.10519480519480519,0.07128309572301425,0.22727272727272727,0.1316017316017316,0.19642857142857142,0.15682281059063136,0.4025974025974026,0.16558441558441558,0.2536796536796537,0.20977596741344195,0.4805194805194805,0.16266749123891983,0.3606060606060606,0.32382892057026474,0.6623376623376623,0.1527831475883424,0.5705627705627705,0.5376782077393075,0.8571428571428571,0.05060712814341786,0.6166666666666667,0.5804480651731161,0.8766233766233766,0.03567622092090228,0.6579004329004329,0.6334012219959266,0.8896103896103896,0.0080165281643477
strict-candidate,train_kfold,0.0,0.0,0.5,0.0,0.5,245.6,0.07079663735412864,0.05986964385854885,0.2011216193794591,0.098425308334716,0.1426956473646369,0.12651041245210837,0.3346673303467729,0.13269552885033226,0.18853641944582714,0.1710657274553373,0.41530114484818315,0.134629621728676,0.26130894308943087,0.24215008166346746,0.5097859631657541,0.1188997368429922,0.48377208119019965,0.4595473491890634,0.741904761904762,0.04547300873793002,0.5237534428405508,0.5014068887306118,0.777743487638958,0.03241621265696275,0.5922992091145401,0.5723441148399258,0.8282263149162103,0.007627412960809936,154.0,0.10248917748917749,0.07128309572301425,0.22727272727272727,0.13008658008658008,0.1829004329004329,0.14867617107942974,0.38961038961038963,0.1557204700061843,0.24675324675324675,0.21181262729124237,0.4935064935064935,0.16282725211296642,0.3353896103896104,0.3034623217922607,0.5974025974025974,0.14311727233805155,0.5739177489177489,0.5356415478615071,0.8701298701298701,0.0504276426545458,0.5954545454545455,0.560081466395112,0.8766233766233766,0.034421267177574544,0.6579004329004329,0.6334012219959266,0.8896103896103896,0.0080165281643477
strict-candidate,train_kfold,0.0,0.0,0.75,0.25,0.0,245.6,0.0646193794591007,0.05365176925327701,0.17994358719097395,0.08919418173773574,0.13495459321940156,0.11661735170987844,0.31106022896963664,0.12334123428697844,0.1745170621093966,0.1551710787359203,0.37621038659366185,0.12261578979249463,0.22685907859078594,0.2080342211620753,0.45359548697527796,0.10225522257179798,0.41446689895470384,0.3941324555587499,0.6840749958519993,0.038986061554744114,0.47620037608539356,0.45344974601202104,0.7394491455118632,0.029313168122395088,0.5922992091145401,0.5723441148399258,0.8282263149162103,0.007627412960809936,154.0,0.10183982683982684,0.07535641547861507,0.24025974025974026,0.13225108225108226,0.16515151515151516,0.1425661914460285,0.35064935064935066,0.14706246134817563,0.22770562770562772,0.1975560081466395,0.43506493506493504,0.15143269428983716,0.26753246753246757,0.2505091649694501,0.5064935064935064,0.11725482309897894,0.47662337662337667,0.4480651731160896,0.7727272727272727,0.0421610722380762,0.5326839826839826,0.5010183299389002,0.8376623376623377,0.030783682033119614,0.6579004329004329,0.6334012219959266,0.8896103896103896,0.0080165281643477
strict-candidate,train_kfold,0.0,0.0,0.75,0.0,0.25,245.6,0.06295973674022455,0.053833687349728834,0.18075659532105526,0.08783253138653836,0.12927487417731318,0.11393830958459081,0.3061655881864941,0.11976962399361604,0.17235152922957803,0.1547129122446953,0.37865936618549856,0.12207718178250784,0.2239933078922626,0.20746979408271735,0.45195619711299156,0.10185551586845765,0.40705442176870743,0.3866223931807591,0.6759382777501244,0.03824701584944924,0.47121597256788894,0.4500297436558462,0.7362070681931309,0.02909242886491521,0.5922992091145401,0.5723441148399258,0.8282263149162103,0.007627412960809936,154.0,0.10411255411255413,0.07535641547861507,0.24025974025974026,0.13484848484848483,0.16677489177489177,0.14052953156822812,0.36363636363636365,0.145856524427953,0.21287878787878786,0.18533604887983707,0.42857142857142855,0.14150175221603795,0.27803030303030307,0.2545824847250509,0.512987012987013,0.11996401866531738,0.4724025974025974,0.4419551934826884,0.7857142857142857,0.041593651593929214,0.538961038961039,0.5030549898167006,0.8441558441558441,0.03091343183486933,0.6579004329004329,0.6334012219959266,0.8896103896103896,0.0080165281643477
strict-candidate,train_kfold,0.0,0.0,1.0,0.0,0.0,245.6,0.05278823073945025,0.043367254123221635,0.14576406172224987,0.07245318289917593,0.10336463691167523,0.0918836678667732,0.24674630827940933,0.09641822908024998,0.12826967534981473,0.11514707606202972,0.2947867927658868,0.0908585149894259,0.1782361041977767,0.16469459386028618,0.37541065206570434,0.08082098190510337,0.35359908190918643,0.33809883379031275,0.6107682097229136,0.03344344970788858,0.40687417731320175,0.3880443045623271,0.677567612410818,0.02508029133324293,0.5922992091145401,0.5723441148399258,0.8282263149162103,0.007627412960809936,154.0,0.08409090909090909,0.06109979633401222,0.19480519480519481,0.10865800865800866,0.10822510822510824,0.09164969450101833,0.2662337662337662,0.09421768707482993,0.16742424242424245,0.1425661914460285,0.34415584415584416,0.10931766646052361,0.22391774891774893,0.1975560081466395,0.42207792207792205,0.0931250567614204,0.4127705627705628,0.3869653767820774,0.6883116883116883,0.03642084097826775,0.4637445887445888,0.4378818737270876,0.7727272727272727,0.02690459823936592,0.6579004329004329,0.6334012219959266,0.8896103896103896,0.0080165281643477
