method_id,label,category,source,status,max_candidate_count,avg_candidate_count,min_candidate_count,num_claims,num_claims_with_evidence,missing_pool_claims,top_n,macro_recall,micro_recall,hit_any
single_bm25,BM25,single_sparse,round18/outputs/o_sparse/o_s1_lexical_index_experiments/dev_full_bm25_dev_bm25_top500_candidates.json,ok,500,500.0,500,154,154,0,1,0.0512987012987013,0.038696537678207736,19
single_bm25,BM25,single_sparse,round18/outputs/o_sparse/o_s1_lexical_index_experiments/dev_full_bm25_dev_bm25_top500_candidates.json,ok,500,500.0,500,154,154,0,3,0.0762987012987013,0.06720977596741344,31
single_bm25,BM25,single_sparse,round18/outputs/o_sparse/o_s1_lexical_index_experiments/dev_full_bm25_dev_bm25_top500_candidates.json,ok,500,500.0,500,154,154,0,5,0.1155844155844156,0.10183299389002037,43
single_bm25,BM25,single_sparse,round18/outputs/o_sparse/o_s1_lexical_index_experiments/dev_full_bm25_dev_bm25_top500_candidates.json,ok,500,500.0,500,154,154,0,10,0.16872294372294372,0.15071283095723015,57
single_bm25,BM25,single_sparse,round18/outputs/o_sparse/o_s1_lexical_index_experiments/dev_full_bm25_dev_bm25_top500_candidates.json,ok,500,500.0,500,154,154,0,20,0.2333333333333333,0.21384928716904278,72
single_bm25,BM25,single_sparse,round18/outputs/o_sparse/o_s1_lexical_index_experiments/dev_full_bm25_dev_bm25_top500_candidates.json,ok,500,500.0,500,154,154,0,32,0.2806277056277056,0.2606924643584521,77
single_bm25,BM25,single_sparse,round18/outputs/o_sparse/o_s1_lexical_index_experiments/dev_full_bm25_dev_bm25_top500_candidates.json,ok,500,500.0,500,154,154,0,50,0.3248917748917749,0.3095723014256619,90
single_bm25,BM25,single_sparse,round18/outputs/o_sparse/o_s1_lexical_index_experiments/dev_full_bm25_dev_bm25_top500_candidates.json,ok,500,500.0,500,154,154,0,64,0.3796536796536797,0.35234215885947046,100
single_bm25,BM25,single_sparse,round18/outputs/o_sparse/o_s1_lexical_index_experiments/dev_full_bm25_dev_bm25_top500_candidates.json,ok,500,500.0,500,154,154,0,100,0.41883116883116883,0.39307535641547864,104
single_bm25,BM25,single_sparse,round18/outputs/o_sparse/o_s1_lexical_index_experiments/dev_full_bm25_dev_bm25_top500_candidates.json,ok,500,500.0,500,154,154,0,200,0.4864718614718615,0.46028513238289204,119
single_bm25,BM25,single_sparse,round18/outputs/o_sparse/o_s1_lexical_index_experiments/dev_full_bm25_dev_bm25_top500_candidates.json,ok,500,500.0,500,154,154,0,300,0.5483766233766234,0.5112016293279023,129
single_bm25,BM25,single_sparse,round18/outputs/o_sparse/o_s1_lexical_index_experiments/dev_full_bm25_dev_bm25_top500_candidates.json,ok,500,500.0,500,154,154,0,500,0.5861471861471862,0.5560081466395111,129
single_bm25,BM25,single_sparse,round18/outputs/o_sparse/o_s1_lexical_index_experiments/dev_full_bm25_dev_bm25_top500_candidates.json,ok,500,500.0,500,154,154,0,1000,,,0
single_bm25,BM25,single_sparse,round18/outputs/o_sparse/o_s1_lexical_index_experiments/dev_full_bm25_dev_bm25_top500_candidates.json,ok,500,500.0,500,154,154,0,2000,,,0
single_char_tfidf,char Tfidf,single_sparse,round18/outputs/o_sparse/o_s6_char_tfidf/dev_full_dev_o_s6_char_tfidf_tfidf_char_top500_candidates.json,ok,500,500.0,500,154,154,0,1,0.06471861471861472,0.04480651731160896,22
single_char_tfidf,char Tfidf,single_sparse,round18/outputs/o_sparse/o_s6_char_tfidf/dev_full_dev_o_s6_char_tfidf_tfidf_char_top500_candidates.json,ok,500,500.0,500,154,154,0,3,0.10465367965367965,0.08757637474541752,35
single_char_tfidf,char Tfidf,single_sparse,round18/outputs/o_sparse/o_s6_char_tfidf/dev_full_dev_o_s6_char_tfidf_tfidf_char_top500_candidates.json,ok,500,500.0,500,154,154,0,5,0.13993506493506494,0.12016293279022404,45
single_char_tfidf,char Tfidf,single_sparse,round18/outputs/o_sparse/o_s6_char_tfidf/dev_full_dev_o_s6_char_tfidf_tfidf_char_top500_candidates.json,ok,500,500.0,500,154,154,0,10,0.1800865800865801,0.15885947046843177,56
single_char_tfidf,char Tfidf,single_sparse,round18/outputs/o_sparse/o_s6_char_tfidf/dev_full_dev_o_s6_char_tfidf_tfidf_char_top500_candidates.json,ok,500,500.0,500,154,154,0,20,0.24848484848484848,0.23217922606924643,74
single_char_tfidf,char Tfidf,single_sparse,round18/outputs/o_sparse/o_s6_char_tfidf/dev_full_dev_o_s6_char_tfidf_tfidf_char_top500_candidates.json,ok,500,500.0,500,154,154,0,32,0.27586580086580087,0.26476578411405294,80
single_char_tfidf,char Tfidf,single_sparse,round18/outputs/o_sparse/o_s6_char_tfidf/dev_full_dev_o_s6_char_tfidf_tfidf_char_top500_candidates.json,ok,500,500.0,500,154,154,0,50,0.32521645021645024,0.3075356415478615,94
single_char_tfidf,char Tfidf,single_sparse,round18/outputs/o_sparse/o_s6_char_tfidf/dev_full_dev_o_s6_char_tfidf_tfidf_char_top500_candidates.json,ok,500,500.0,500,154,154,0,64,0.3418831168831169,0.32382892057026474,97
single_char_tfidf,char Tfidf,single_sparse,round18/outputs/o_sparse/o_s6_char_tfidf/dev_full_dev_o_s6_char_tfidf_tfidf_char_top500_candidates.json,ok,500,500.0,500,154,154,0,100,0.4100649350649351,0.38085539714867617,111
single_char_tfidf,char Tfidf,single_sparse,round18/outputs/o_sparse/o_s6_char_tfidf/dev_full_dev_o_s6_char_tfidf_tfidf_char_top500_candidates.json,ok,500,500.0,500,154,154,0,200,0.5125541125541125,0.49287169042769857,126
single_char_tfidf,char Tfidf,single_sparse,round18/outputs/o_sparse/o_s6_char_tfidf/dev_full_dev_o_s6_char_tfidf_tfidf_char_top500_candidates.json,ok,500,500.0,500,154,154,0,300,0.5699134199134199,0.5437881873727087,130
single_char_tfidf,char Tfidf,single_sparse,round18/outputs/o_sparse/o_s6_char_tfidf/dev_full_dev_o_s6_char_tfidf_tfidf_char_top500_candidates.json,ok,500,500.0,500,154,154,0,500,0.661038961038961,0.6334012219959266,137
single_char_tfidf,char Tfidf,single_sparse,round18/outputs/o_sparse/o_s6_char_tfidf/dev_full_dev_o_s6_char_tfidf_tfidf_char_top500_candidates.json,ok,500,500.0,500,154,154,0,1000,,,0
single_char_tfidf,char Tfidf,single_sparse,round18/outputs/o_sparse/o_s6_char_tfidf/dev_full_dev_o_s6_char_tfidf_tfidf_char_top500_candidates.json,ok,500,500.0,500,154,154,0,2000,,,0
single_structured,structured,single_sparse,round18/outputs/o_sparse/o_s2_structured/dev_full_dev_decomposed_candidates.json,ok,500,500.0,500,154,154,0,1,0.037121212121212124,0.032586558044806514,16
single_structured,structured,single_sparse,round18/outputs/o_sparse/o_s2_structured/dev_full_dev_decomposed_candidates.json,ok,500,500.0,500,154,154,0,3,0.04642857142857143,0.04276985743380855,21
single_structured,structured,single_sparse,round18/outputs/o_sparse/o_s2_structured/dev_full_dev_decomposed_candidates.json,ok,500,500.0,500,154,154,0,5,0.07067099567099566,0.06720977596741344,30
single_structured,structured,single_sparse,round18/outputs/o_sparse/o_s2_structured/dev_full_dev_decomposed_candidates.json,ok,500,500.0,500,154,154,0,10,0.10746753246753248,0.09775967413441955,39
single_structured,structured,single_sparse,round18/outputs/o_sparse/o_s2_structured/dev_full_dev_decomposed_candidates.json,ok,500,500.0,500,154,154,0,20,0.14567099567099567,0.1425661914460285,51
single_structured,structured,single_sparse,round18/outputs/o_sparse/o_s2_structured/dev_full_dev_decomposed_candidates.json,ok,500,500.0,500,154,154,0,32,0.2043290043290043,0.19959266802443992,64
single_structured,structured,single_sparse,round18/outputs/o_sparse/o_s2_structured/dev_full_dev_decomposed_candidates.json,ok,500,500.0,500,154,154,0,50,0.28365800865800866,0.26476578411405294,79
single_structured,structured,single_sparse,round18/outputs/o_sparse/o_s2_structured/dev_full_dev_decomposed_candidates.json,ok,500,500.0,500,154,154,0,64,0.30995670995671,0.28716904276985744,86
single_structured,structured,single_sparse,round18/outputs/o_sparse/o_s2_structured/dev_full_dev_decomposed_candidates.json,ok,500,500.0,500,154,154,0,100,0.37575757575757573,0.3421588594704684,97
single_structured,structured,single_sparse,round18/outputs/o_sparse/o_s2_structured/dev_full_dev_decomposed_candidates.json,ok,500,500.0,500,154,154,0,200,0.4573593073593074,0.42362525458248473,109
single_structured,structured,single_sparse,round18/outputs/o_sparse/o_s2_structured/dev_full_dev_decomposed_candidates.json,ok,500,500.0,500,154,154,0,300,0.499025974025974,0.4663951120162933,115
single_structured,structured,single_sparse,round18/outputs/o_sparse/o_s2_structured/dev_full_dev_decomposed_candidates.json,ok,500,500.0,500,154,154,0,500,0.5454545454545454,0.515274949083503,122
single_structured,structured,single_sparse,round18/outputs/o_sparse/o_s2_structured/dev_full_dev_decomposed_candidates.json,ok,500,500.0,500,154,154,0,1000,,,0
single_structured,structured,single_sparse,round18/outputs/o_sparse/o_s2_structured/dev_full_dev_decomposed_candidates.json,ok,500,500.0,500,154,154,0,2000,,,0
single_prf,PRF,single_sparse,round18/outputs/o_sparse/o_s3_prf/candidate_pool_prf_top500.json,ok,500,500.0,500,154,154,0,1,0.03961038961038961,0.034623217922606926,17
single_prf,PRF,single_sparse,round18/outputs/o_sparse/o_s3_prf/candidate_pool_prf_top500.json,ok,500,500.0,500,154,154,0,3,0.11255411255411255,0.09368635437881874,40
single_prf,PRF,single_sparse,round18/outputs/o_sparse/o_s3_prf/candidate_pool_prf_top500.json,ok,500,500.0,500,154,154,0,5,0.13517316017316017,0.11812627291242363,47
single_prf,PRF,single_sparse,round18/outputs/o_sparse/o_s3_prf/candidate_pool_prf_top500.json,ok,500,500.0,500,154,154,0,10,0.1856060606060606,0.1629327902240326,61
single_prf,PRF,single_sparse,round18/outputs/o_sparse/o_s3_prf/candidate_pool_prf_top500.json,ok,500,500.0,500,154,154,0,20,0.2501082251082251,0.22810590631364563,75
single_prf,PRF,single_sparse,round18/outputs/o_sparse/o_s3_prf/candidate_pool_prf_top500.json,ok,500,500.0,500,154,154,0,32,0.2896103896103896,0.26883910386965376,81
single_prf,PRF,single_sparse,round18/outputs/o_sparse/o_s3_prf/candidate_pool_prf_top500.json,ok,500,500.0,500,154,154,0,50,0.3300865800865801,0.3075356415478615,89
single_prf,PRF,single_sparse,round18/outputs/o_sparse/o_s3_prf/candidate_pool_prf_top500.json,ok,500,500.0,500,154,154,0,64,0.3562770562770563,0.3340122199592668,93
single_prf,PRF,single_sparse,round18/outputs/o_sparse/o_s3_prf/candidate_pool_prf_top500.json,ok,500,500.0,500,154,154,0,100,0.42673160173160174,0.395112016293279,106
single_prf,PRF,single_sparse,round18/outputs/o_sparse/o_s3_prf/candidate_pool_prf_top500.json,ok,500,500.0,500,154,154,0,200,0.507034632034632,0.47657841140529533,116
single_prf,PRF,single_sparse,round18/outputs/o_sparse/o_s3_prf/candidate_pool_prf_top500.json,ok,500,500.0,500,154,154,0,300,0.5384199134199135,0.505091649694501,121
single_prf,PRF,single_sparse,round18/outputs/o_sparse/o_s3_prf/candidate_pool_prf_top500.json,ok,500,500.0,500,154,154,0,500,0.578030303030303,0.5539714867617108,125
single_prf,PRF,single_sparse,round18/outputs/o_sparse/o_s3_prf/candidate_pool_prf_top500.json,ok,500,500.0,500,154,154,0,1000,,,0
single_prf,PRF,single_sparse,round18/outputs/o_sparse/o_s3_prf/candidate_pool_prf_top500.json,ok,500,500.0,500,154,154,0,2000,,,0
s7_strict_rrf_equal_bm25_char,strict rrf equal bm25 char,os7,round18/outputs/o_sparse/o_s7_plain_leaf_fusion/dev_full_dev_o_s7_plain_leaf_fusion_strict_rrf_equal_bm25_char_top500_candidates.json,ok,500,500.0,500,154,154,0,1,0.08409090909090909,0.06109979633401222,30
s7_strict_rrf_equal_bm25_char,strict rrf equal bm25 char,os7,round18/outputs/o_sparse/o_s7_plain_leaf_fusion/dev_full_dev_o_s7_plain_leaf_fusion_strict_rrf_equal_bm25_char_top500_candidates.json,ok,500,500.0,500,154,154,0,3,0.10822510822510824,0.09164969450101833,41
s7_strict_rrf_equal_bm25_char,strict rrf equal bm25 char,os7,round18/outputs/o_sparse/o_s7_plain_leaf_fusion/dev_full_dev_o_s7_plain_leaf_fusion_strict_rrf_equal_bm25_char_top500_candidates.json,ok,500,500.0,500,154,154,0,5,0.16742424242424245,0.1425661914460285,53
s7_strict_rrf_equal_bm25_char,strict rrf equal bm25 char,os7,round18/outputs/o_sparse/o_s7_plain_leaf_fusion/dev_full_dev_o_s7_plain_leaf_fusion_strict_rrf_equal_bm25_char_top500_candidates.json,ok,500,500.0,500,154,154,0,10,0.22391774891774893,0.1975560081466395,65
s7_strict_rrf_equal_bm25_char,strict rrf equal bm25 char,os7,round18/outputs/o_sparse/o_s7_plain_leaf_fusion/dev_full_dev_o_s7_plain_leaf_fusion_strict_rrf_equal_bm25_char_top500_candidates.json,ok,500,500.0,500,154,154,0,20,0.29718614718614716,0.2708757637474542,82
s7_strict_rrf_equal_bm25_char,strict rrf equal bm25 char,os7,round18/outputs/o_sparse/o_s7_plain_leaf_fusion/dev_full_dev_o_s7_plain_leaf_fusion_strict_rrf_equal_bm25_char_top500_candidates.json,ok,500,500.0,500,154,154,0,32,0.34047619047619043,0.32382892057026474,93
s7_strict_rrf_equal_bm25_char,strict rrf equal bm25 char,os7,round18/outputs/o_sparse/o_s7_plain_leaf_fusion/dev_full_dev_o_s7_plain_leaf_fusion_strict_rrf_equal_bm25_char_top500_candidates.json,ok,500,500.0,500,154,154,0,50,0.3854978354978355,0.3625254582484725,104
s7_strict_rrf_equal_bm25_char,strict rrf equal bm25 char,os7,round18/outputs/o_sparse/o_s7_plain_leaf_fusion/dev_full_dev_o_s7_plain_leaf_fusion_strict_rrf_equal_bm25_char_top500_candidates.json,ok,500,500.0,500,154,154,0,64,0.4127705627705628,0.3869653767820774,106
s7_strict_rrf_equal_bm25_char,strict rrf equal bm25 char,os7,round18/outputs/o_sparse/o_s7_plain_leaf_fusion/dev_full_dev_o_s7_plain_leaf_fusion_strict_rrf_equal_bm25_char_top500_candidates.json,ok,500,500.0,500,154,154,0,100,0.4637445887445888,0.4378818737270876,119
s7_strict_rrf_equal_bm25_char,strict rrf equal bm25 char,os7,round18/outputs/o_sparse/o_s7_plain_leaf_fusion/dev_full_dev_o_s7_plain_leaf_fusion_strict_rrf_equal_bm25_char_top500_candidates.json,ok,500,500.0,500,154,154,0,200,0.5361471861471861,0.5132382892057027,127
s7_strict_rrf_equal_bm25_char,strict rrf equal bm25 char,os7,round18/outputs/o_sparse/o_s7_plain_leaf_fusion/dev_full_dev_o_s7_plain_leaf_fusion_strict_rrf_equal_bm25_char_top500_candidates.json,ok,500,500.0,500,154,154,0,300,0.5950216450216451,0.5682281059063137,132
s7_strict_rrf_equal_bm25_char,strict rrf equal bm25 char,os7,round18/outputs/o_sparse/o_s7_plain_leaf_fusion/dev_full_dev_o_s7_plain_leaf_fusion_strict_rrf_equal_bm25_char_top500_candidates.json,ok,500,500.0,500,154,154,0,500,0.6579004329004329,0.6334012219959266,137
s7_strict_rrf_equal_bm25_char,strict rrf equal bm25 char,os7,round18/outputs/o_sparse/o_s7_plain_leaf_fusion/dev_full_dev_o_s7_plain_leaf_fusion_strict_rrf_equal_bm25_char_top500_candidates.json,ok,500,500.0,500,154,154,0,1000,,,0
s7_strict_rrf_equal_bm25_char,strict rrf equal bm25 char,os7,round18/outputs/o_sparse/o_s7_plain_leaf_fusion/dev_full_dev_o_s7_plain_leaf_fusion_strict_rrf_equal_bm25_char_top500_candidates.json,ok,500,500.0,500,154,154,0,2000,,,0
s7_strict_rrf_equal_bm25_char_structured_prf,strict rrf equal bm25 char structured prf,os7,round18/outputs/o_sparse/o_s7_plain_leaf_fusion/dev_full_dev_o_s7_plain_leaf_fusion_strict_rrf_equal_bm25_char_structured_prf_top500_candidates.json,ok,500,500.0,500,154,154,0,1,0.07445887445887446,0.05295315682281059,26
s7_strict_rrf_equal_bm25_char_structured_prf,strict rrf equal bm25 char structured prf,os7,round18/outputs/o_sparse/o_s7_plain_leaf_fusion/dev_full_dev_o_s7_plain_leaf_fusion_strict_rrf_equal_bm25_char_structured_prf_top500_candidates.json,ok,500,500.0,500,154,154,0,3,0.11764069264069264,0.09979633401221996,44
s7_strict_rrf_equal_bm25_char_structured_prf,strict rrf equal bm25 char structured prf,os7,round18/outputs/o_sparse/o_s7_plain_leaf_fusion/dev_full_dev_o_s7_plain_leaf_fusion_strict_rrf_equal_bm25_char_structured_prf_top500_candidates.json,ok,500,500.0,500,154,154,0,5,0.15357142857142855,0.1364562118126273,53
s7_strict_rrf_equal_bm25_char_structured_prf,strict rrf equal bm25 char structured prf,os7,round18/outputs/o_sparse/o_s7_plain_leaf_fusion/dev_full_dev_o_s7_plain_leaf_fusion_strict_rrf_equal_bm25_char_structured_prf_top500_candidates.json,ok,500,500.0,500,154,154,0,10,0.2220779220779221,0.20570264765784113,67
s7_strict_rrf_equal_bm25_char_structured_prf,strict rrf equal bm25 char structured prf,os7,round18/outputs/o_sparse/o_s7_plain_leaf_fusion/dev_full_dev_o_s7_plain_leaf_fusion_strict_rrf_equal_bm25_char_structured_prf_top500_candidates.json,ok,500,500.0,500,154,154,0,20,0.308008658008658,0.28105906313645623,85
s7_strict_rrf_equal_bm25_char_structured_prf,strict rrf equal bm25 char structured prf,os7,round18/outputs/o_sparse/o_s7_plain_leaf_fusion/dev_full_dev_o_s7_plain_leaf_fusion_strict_rrf_equal_bm25_char_structured_prf_top500_candidates.json,ok,500,500.0,500,154,154,0,32,0.35248917748917746,0.3258655804480652,92
s7_strict_rrf_equal_bm25_char_structured_prf,strict rrf equal bm25 char structured prf,os7,round18/outputs/o_sparse/o_s7_plain_leaf_fusion/dev_full_dev_o_s7_plain_leaf_fusion_strict_rrf_equal_bm25_char_structured_prf_top500_candidates.json,ok,500,500.0,500,154,154,0,50,0.4082251082251082,0.3788187372708758,101
s7_strict_rrf_equal_bm25_char_structured_prf,strict rrf equal bm25 char structured prf,os7,round18/outputs/o_sparse/o_s7_plain_leaf_fusion/dev_full_dev_o_s7_plain_leaf_fusion_strict_rrf_equal_bm25_char_structured_prf_top500_candidates.json,ok,500,500.0,500,154,154,0,64,0.4253246753246753,0.40122199592668023,106
s7_strict_rrf_equal_bm25_char_structured_prf,strict rrf equal bm25 char structured prf,os7,round18/outputs/o_sparse/o_s7_plain_leaf_fusion/dev_full_dev_o_s7_plain_leaf_fusion_strict_rrf_equal_bm25_char_structured_prf_top500_candidates.json,ok,500,500.0,500,154,154,0,100,0.4837662337662338,0.45010183299389,120
s7_strict_rrf_equal_bm25_char_structured_prf,strict rrf equal bm25 char structured prf,os7,round18/outputs/o_sparse/o_s7_plain_leaf_fusion/dev_full_dev_o_s7_plain_leaf_fusion_strict_rrf_equal_bm25_char_structured_prf_top500_candidates.json,ok,500,500.0,500,154,154,0,200,0.5522727272727272,0.5213849287169042,128
s7_strict_rrf_equal_bm25_char_structured_prf,strict rrf equal bm25 char structured prf,os7,round18/outputs/o_sparse/o_s7_plain_leaf_fusion/dev_full_dev_o_s7_plain_leaf_fusion_strict_rrf_equal_bm25_char_structured_prf_top500_candidates.json,ok,500,500.0,500,154,154,0,300,0.5979437229437229,0.5723014256619144,130
s7_strict_rrf_equal_bm25_char_structured_prf,strict rrf equal bm25 char structured prf,os7,round18/outputs/o_sparse/o_s7_plain_leaf_fusion/dev_full_dev_o_s7_plain_leaf_fusion_strict_rrf_equal_bm25_char_structured_prf_top500_candidates.json,ok,500,500.0,500,154,154,0,500,0.645995670995671,0.6232179226069247,136
s7_strict_rrf_equal_bm25_char_structured_prf,strict rrf equal bm25 char structured prf,os7,round18/outputs/o_sparse/o_s7_plain_leaf_fusion/dev_full_dev_o_s7_plain_leaf_fusion_strict_rrf_equal_bm25_char_structured_prf_top500_candidates.json,ok,500,500.0,500,154,154,0,1000,,,0
s7_strict_rrf_equal_bm25_char_structured_prf,strict rrf equal bm25 char structured prf,os7,round18/outputs/o_sparse/o_s7_plain_leaf_fusion/dev_full_dev_o_s7_plain_leaf_fusion_strict_rrf_equal_bm25_char_structured_prf_top500_candidates.json,ok,500,500.0,500,154,154,0,2000,,,0
s7_strict_rrf_char_heavy,strict rrf char heavy,os7,round18/outputs/o_sparse/o_s7_plain_leaf_fusion/dev_full_dev_o_s7_plain_leaf_fusion_strict_rrf_char_heavy_top500_candidates.json,ok,500,500.0,500,154,154,0,1,0.07867965367965368,0.05702647657841141,28
s7_strict_rrf_char_heavy,strict rrf char heavy,os7,round18/outputs/o_sparse/o_s7_plain_leaf_fusion/dev_full_dev_o_s7_plain_leaf_fusion_strict_rrf_char_heavy_top500_candidates.json,ok,500,500.0,500,154,154,0,3,0.11883116883116883,0.09775967413441955,42
s7_strict_rrf_char_heavy,strict rrf char heavy,os7,round18/outputs/o_sparse/o_s7_plain_leaf_fusion/dev_full_dev_o_s7_plain_leaf_fusion_strict_rrf_char_heavy_top500_candidates.json,ok,500,500.0,500,154,154,0,5,0.15811688311688313,0.1384928716904277,52
s7_strict_rrf_char_heavy,strict rrf char heavy,os7,round18/outputs/o_sparse/o_s7_plain_leaf_fusion/dev_full_dev_o_s7_plain_leaf_fusion_strict_rrf_char_heavy_top500_candidates.json,ok,500,500.0,500,154,154,0,10,0.23690476190476192,0.21181262729124237,68
s7_strict_rrf_char_heavy,strict rrf char heavy,os7,round18/outputs/o_sparse/o_s7_plain_leaf_fusion/dev_full_dev_o_s7_plain_leaf_fusion_strict_rrf_char_heavy_top500_candidates.json,ok,500,500.0,500,154,154,0,20,0.3088744588744589,0.28105906313645623,83
s7_strict_rrf_char_heavy,strict rrf char heavy,os7,round18/outputs/o_sparse/o_s7_plain_leaf_fusion/dev_full_dev_o_s7_plain_leaf_fusion_strict_rrf_char_heavy_top500_candidates.json,ok,500,500.0,500,154,154,0,32,0.36038961038961037,0.3360488798370672,94
s7_strict_rrf_char_heavy,strict rrf char heavy,os7,round18/outputs/o_sparse/o_s7_plain_leaf_fusion/dev_full_dev_o_s7_plain_leaf_fusion_strict_rrf_char_heavy_top500_candidates.json,ok,500,500.0,500,154,154,0,50,0.4087662337662338,0.38289205702647655,103
s7_strict_rrf_char_heavy,strict rrf char heavy,os7,round18/outputs/o_sparse/o_s7_plain_leaf_fusion/dev_full_dev_o_s7_plain_leaf_fusion_strict_rrf_char_heavy_top500_candidates.json,ok,500,500.0,500,154,154,0,64,0.44047619047619047,0.4134419551934827,112
s7_strict_rrf_char_heavy,strict rrf char heavy,os7,round18/outputs/o_sparse/o_s7_plain_leaf_fusion/dev_full_dev_o_s7_plain_leaf_fusion_strict_rrf_char_heavy_top500_candidates.json,ok,500,500.0,500,154,154,0,100,0.48852813852813853,0.45621181262729127,120
s7_strict_rrf_char_heavy,strict rrf char heavy,os7,round18/outputs/o_sparse/o_s7_plain_leaf_fusion/dev_full_dev_o_s7_plain_leaf_fusion_strict_rrf_char_heavy_top500_candidates.json,ok,500,500.0,500,154,154,0,200,0.5658008658008659,0.5376782077393075,129
s7_strict_rrf_char_heavy,strict rrf char heavy,os7,round18/outputs/o_sparse/o_s7_plain_leaf_fusion/dev_full_dev_o_s7_plain_leaf_fusion_strict_rrf_char_heavy_top500_candidates.json,ok,500,500.0,500,154,154,0,300,0.6010822510822511,0.5763747454175153,130
s7_strict_rrf_char_heavy,strict rrf char heavy,os7,round18/outputs/o_sparse/o_s7_plain_leaf_fusion/dev_full_dev_o_s7_plain_leaf_fusion_strict_rrf_char_heavy_top500_candidates.json,ok,500,500.0,500,154,154,0,500,0.6666666666666667,0.639511201629328,137
s7_strict_rrf_char_heavy,strict rrf char heavy,os7,round18/outputs/o_sparse/o_s7_plain_leaf_fusion/dev_full_dev_o_s7_plain_leaf_fusion_strict_rrf_char_heavy_top500_candidates.json,ok,500,500.0,500,154,154,0,1000,,,0
s7_strict_rrf_char_heavy,strict rrf char heavy,os7,round18/outputs/o_sparse/o_s7_plain_leaf_fusion/dev_full_dev_o_s7_plain_leaf_fusion_strict_rrf_char_heavy_top500_candidates.json,ok,500,500.0,500,154,154,0,2000,,,0
s7_strict_rrf_bm25_heavy,strict rrf bm25 heavy,os7,round18/outputs/o_sparse/o_s7_plain_leaf_fusion/dev_full_dev_o_s7_plain_leaf_fusion_strict_rrf_bm25_heavy_top500_candidates.json,ok,500,500.0,500,154,154,0,1,0.07121212121212121,0.05091649694501019,25
s7_strict_rrf_bm25_heavy,strict rrf bm25 heavy,os7,round18/outputs/o_sparse/o_s7_plain_leaf_fusion/dev_full_dev_o_s7_plain_leaf_fusion_strict_rrf_bm25_heavy_top500_candidates.json,ok,500,500.0,500,154,154,0,3,0.11764069264069264,0.09979633401221996,45
s7_strict_rrf_bm25_heavy,strict rrf bm25 heavy,os7,round18/outputs/o_sparse/o_s7_plain_leaf_fusion/dev_full_dev_o_s7_plain_leaf_fusion_strict_rrf_bm25_heavy_top500_candidates.json,ok,500,500.0,500,154,154,0,5,0.154004329004329,0.1384928716904277,52
s7_strict_rrf_bm25_heavy,strict rrf bm25 heavy,os7,round18/outputs/o_sparse/o_s7_plain_leaf_fusion/dev_full_dev_o_s7_plain_leaf_fusion_strict_rrf_bm25_heavy_top500_candidates.json,ok,500,500.0,500,154,154,0,10,0.2198051948051948,0.20162932790224034,67
s7_strict_rrf_bm25_heavy,strict rrf bm25 heavy,os7,round18/outputs/o_sparse/o_s7_plain_leaf_fusion/dev_full_dev_o_s7_plain_leaf_fusion_strict_rrf_bm25_heavy_top500_candidates.json,ok,500,500.0,500,154,154,0,20,0.30865800865800863,0.2790224032586558,85
s7_strict_rrf_bm25_heavy,strict rrf bm25 heavy,os7,round18/outputs/o_sparse/o_s7_plain_leaf_fusion/dev_full_dev_o_s7_plain_leaf_fusion_strict_rrf_bm25_heavy_top500_candidates.json,ok,500,500.0,500,154,154,0,32,0.3477272727272727,0.32179226069246436,91
s7_strict_rrf_bm25_heavy,strict rrf bm25 heavy,os7,round18/outputs/o_sparse/o_s7_plain_leaf_fusion/dev_full_dev_o_s7_plain_leaf_fusion_strict_rrf_bm25_heavy_top500_candidates.json,ok,500,500.0,500,154,154,0,50,0.4043290043290043,0.3727087576374745,101
s7_strict_rrf_bm25_heavy,strict rrf bm25 heavy,os7,round18/outputs/o_sparse/o_s7_plain_leaf_fusion/dev_full_dev_o_s7_plain_leaf_fusion_strict_rrf_bm25_heavy_top500_candidates.json,ok,500,500.0,500,154,154,0,64,0.4253246753246753,0.40122199592668023,106
s7_strict_rrf_bm25_heavy,strict rrf bm25 heavy,os7,round18/outputs/o_sparse/o_s7_plain_leaf_fusion/dev_full_dev_o_s7_plain_leaf_fusion_strict_rrf_bm25_heavy_top500_candidates.json,ok,500,500.0,500,154,154,0,100,0.4795454545454545,0.4439918533604888,118
s7_strict_rrf_bm25_heavy,strict rrf bm25 heavy,os7,round18/outputs/o_sparse/o_s7_plain_leaf_fusion/dev_full_dev_o_s7_plain_leaf_fusion_strict_rrf_bm25_heavy_top500_candidates.json,ok,500,500.0,500,154,154,0,200,0.5522727272727272,0.5213849287169042,128
s7_strict_rrf_bm25_heavy,strict rrf bm25 heavy,os7,round18/outputs/o_sparse/o_s7_plain_leaf_fusion/dev_full_dev_o_s7_plain_leaf_fusion_strict_rrf_bm25_heavy_top500_candidates.json,ok,500,500.0,500,154,154,0,300,0.5898268398268398,0.5661914460285132,130
s7_strict_rrf_bm25_heavy,strict rrf bm25 heavy,os7,round18/outputs/o_sparse/o_s7_plain_leaf_fusion/dev_full_dev_o_s7_plain_leaf_fusion_strict_rrf_bm25_heavy_top500_candidates.json,ok,500,500.0,500,154,154,0,500,0.6417748917748918,0.6171079429735234,135
s7_strict_rrf_bm25_heavy,strict rrf bm25 heavy,os7,round18/outputs/o_sparse/o_s7_plain_leaf_fusion/dev_full_dev_o_s7_plain_leaf_fusion_strict_rrf_bm25_heavy_top500_candidates.json,ok,500,500.0,500,154,154,0,1000,,,0
s7_strict_rrf_bm25_heavy,strict rrf bm25 heavy,os7,round18/outputs/o_sparse/o_s7_plain_leaf_fusion/dev_full_dev_o_s7_plain_leaf_fusion_strict_rrf_bm25_heavy_top500_candidates.json,ok,500,500.0,500,154,154,0,2000,,,0
os9_bm25_char_rrf_1000,rrf,os9_bm25_char,round18/outputs/o_sparse/o_s9_union_gate_bm25_char_dev/dev_full_dev_o_s9_union_gate_bm25_char_rrf_top1000_candidates.json,ok,978,820.6818181818181,607,154,154,0,1,0.08409090909090909,0.06109979633401222,30
os9_bm25_char_rrf_1000,rrf,os9_bm25_char,round18/outputs/o_sparse/o_s9_union_gate_bm25_char_dev/dev_full_dev_o_s9_union_gate_bm25_char_rrf_top1000_candidates.json,ok,978,820.6818181818181,607,154,154,0,3,0.10822510822510824,0.09164969450101833,41
os9_bm25_char_rrf_1000,rrf,os9_bm25_char,round18/outputs/o_sparse/o_s9_union_gate_bm25_char_dev/dev_full_dev_o_s9_union_gate_bm25_char_rrf_top1000_candidates.json,ok,978,820.6818181818181,607,154,154,0,5,0.16742424242424245,0.1425661914460285,53
os9_bm25_char_rrf_1000,rrf,os9_bm25_char,round18/outputs/o_sparse/o_s9_union_gate_bm25_char_dev/dev_full_dev_o_s9_union_gate_bm25_char_rrf_top1000_candidates.json,ok,978,820.6818181818181,607,154,154,0,10,0.22391774891774893,0.1975560081466395,65
os9_bm25_char_rrf_1000,rrf,os9_bm25_char,round18/outputs/o_sparse/o_s9_union_gate_bm25_char_dev/dev_full_dev_o_s9_union_gate_bm25_char_rrf_top1000_candidates.json,ok,978,820.6818181818181,607,154,154,0,20,0.29718614718614716,0.2708757637474542,82
os9_bm25_char_rrf_1000,rrf,os9_bm25_char,round18/outputs/o_sparse/o_s9_union_gate_bm25_char_dev/dev_full_dev_o_s9_union_gate_bm25_char_rrf_top1000_candidates.json,ok,978,820.6818181818181,607,154,154,0,32,0.34047619047619043,0.32382892057026474,93
os9_bm25_char_rrf_1000,rrf,os9_bm25_char,round18/outputs/o_sparse/o_s9_union_gate_bm25_char_dev/dev_full_dev_o_s9_union_gate_bm25_char_rrf_top1000_candidates.json,ok,978,820.6818181818181,607,154,154,0,50,0.3854978354978355,0.3625254582484725,104
os9_bm25_char_rrf_1000,rrf,os9_bm25_char,round18/outputs/o_sparse/o_s9_union_gate_bm25_char_dev/dev_full_dev_o_s9_union_gate_bm25_char_rrf_top1000_candidates.json,ok,978,820.6818181818181,607,154,154,0,64,0.4127705627705628,0.3869653767820774,106
os9_bm25_char_rrf_1000,rrf,os9_bm25_char,round18/outputs/o_sparse/o_s9_union_gate_bm25_char_dev/dev_full_dev_o_s9_union_gate_bm25_char_rrf_top1000_candidates.json,ok,978,820.6818181818181,607,154,154,0,100,0.4637445887445888,0.4378818737270876,119
os9_bm25_char_rrf_1000,rrf,os9_bm25_char,round18/outputs/o_sparse/o_s9_union_gate_bm25_char_dev/dev_full_dev_o_s9_union_gate_bm25_char_rrf_top1000_candidates.json,ok,978,820.6818181818181,607,154,154,0,200,0.5361471861471861,0.5132382892057027,127
os9_bm25_char_rrf_1000,rrf,os9_bm25_char,round18/outputs/o_sparse/o_s9_union_gate_bm25_char_dev/dev_full_dev_o_s9_union_gate_bm25_char_rrf_top1000_candidates.json,ok,978,820.6818181818181,607,154,154,0,300,0.5950216450216451,0.5682281059063137,132
os9_bm25_char_rrf_1000,rrf,os9_bm25_char,round18/outputs/o_sparse/o_s9_union_gate_bm25_char_dev/dev_full_dev_o_s9_union_gate_bm25_char_rrf_top1000_candidates.json,ok,978,820.6818181818181,607,154,154,0,500,0.6579004329004329,0.6334012219959266,137
os9_bm25_char_rrf_1000,rrf,os9_bm25_char,round18/outputs/o_sparse/o_s9_union_gate_bm25_char_dev/dev_full_dev_o_s9_union_gate_bm25_char_rrf_top1000_candidates.json,ok,978,820.6818181818181,607,154,154,0,1000,,,0
os9_bm25_char_rrf_1000,rrf,os9_bm25_char,round18/outputs/o_sparse/o_s9_union_gate_bm25_char_dev/dev_full_dev_o_s9_union_gate_bm25_char_rrf_top1000_candidates.json,ok,978,820.6818181818181,607,154,154,0,2000,,,0
os9_four_source_rrf_2000,rrf,os9_four_source,round18/outputs/o_sparse/o_s9_union_gate_four_source_wide_dev/dev_full_dev_o_s9_union_gate_four_source_wide_rrf_top2000_candidates.json,ok,1697,1275.2012987012988,882,154,154,0,1,0.07445887445887446,0.05295315682281059,26
os9_four_source_rrf_2000,rrf,os9_four_source,round18/outputs/o_sparse/o_s9_union_gate_four_source_wide_dev/dev_full_dev_o_s9_union_gate_four_source_wide_rrf_top2000_candidates.json,ok,1697,1275.2012987012988,882,154,154,0,3,0.11764069264069264,0.09979633401221996,44
os9_four_source_rrf_2000,rrf,os9_four_source,round18/outputs/o_sparse/o_s9_union_gate_four_source_wide_dev/dev_full_dev_o_s9_union_gate_four_source_wide_rrf_top2000_candidates.json,ok,1697,1275.2012987012988,882,154,154,0,5,0.15357142857142855,0.1364562118126273,53
os9_four_source_rrf_2000,rrf,os9_four_source,round18/outputs/o_sparse/o_s9_union_gate_four_source_wide_dev/dev_full_dev_o_s9_union_gate_four_source_wide_rrf_top2000_candidates.json,ok,1697,1275.2012987012988,882,154,154,0,10,0.2220779220779221,0.20570264765784113,67
os9_four_source_rrf_2000,rrf,os9_four_source,round18/outputs/o_sparse/o_s9_union_gate_four_source_wide_dev/dev_full_dev_o_s9_union_gate_four_source_wide_rrf_top2000_candidates.json,ok,1697,1275.2012987012988,882,154,154,0,20,0.308008658008658,0.28105906313645623,85
os9_four_source_rrf_2000,rrf,os9_four_source,round18/outputs/o_sparse/o_s9_union_gate_four_source_wide_dev/dev_full_dev_o_s9_union_gate_four_source_wide_rrf_top2000_candidates.json,ok,1697,1275.2012987012988,882,154,154,0,32,0.35248917748917746,0.3258655804480652,92
os9_four_source_rrf_2000,rrf,os9_four_source,round18/outputs/o_sparse/o_s9_union_gate_four_source_wide_dev/dev_full_dev_o_s9_union_gate_four_source_wide_rrf_top2000_candidates.json,ok,1697,1275.2012987012988,882,154,154,0,50,0.4082251082251082,0.3788187372708758,101
os9_four_source_rrf_2000,rrf,os9_four_source,round18/outputs/o_sparse/o_s9_union_gate_four_source_wide_dev/dev_full_dev_o_s9_union_gate_four_source_wide_rrf_top2000_candidates.json,ok,1697,1275.2012987012988,882,154,154,0,64,0.4253246753246753,0.40122199592668023,106
os9_four_source_rrf_2000,rrf,os9_four_source,round18/outputs/o_sparse/o_s9_union_gate_four_source_wide_dev/dev_full_dev_o_s9_union_gate_four_source_wide_rrf_top2000_candidates.json,ok,1697,1275.2012987012988,882,154,154,0,100,0.4837662337662338,0.45010183299389,120
os9_four_source_rrf_2000,rrf,os9_four_source,round18/outputs/o_sparse/o_s9_union_gate_four_source_wide_dev/dev_full_dev_o_s9_union_gate_four_source_wide_rrf_top2000_candidates.json,ok,1697,1275.2012987012988,882,154,154,0,200,0.5522727272727272,0.5213849287169042,128
os9_four_source_rrf_2000,rrf,os9_four_source,round18/outputs/o_sparse/o_s9_union_gate_four_source_wide_dev/dev_full_dev_o_s9_union_gate_four_source_wide_rrf_top2000_candidates.json,ok,1697,1275.2012987012988,882,154,154,0,300,0.5979437229437229,0.5723014256619144,130
os9_four_source_rrf_2000,rrf,os9_four_source,round18/outputs/o_sparse/o_s9_union_gate_four_source_wide_dev/dev_full_dev_o_s9_union_gate_four_source_wide_rrf_top2000_candidates.json,ok,1697,1275.2012987012988,882,154,154,0,500,0.645995670995671,0.6232179226069247,136
os9_four_source_rrf_2000,rrf,os9_four_source,round18/outputs/o_sparse/o_s9_union_gate_four_source_wide_dev/dev_full_dev_o_s9_union_gate_four_source_wide_rrf_top2000_candidates.json,ok,1697,1275.2012987012988,882,154,154,0,1000,0.7146103896103896,0.7006109979633401,139
os9_four_source_rrf_2000,rrf,os9_four_source,round18/outputs/o_sparse/o_s9_union_gate_four_source_wide_dev/dev_full_dev_o_s9_union_gate_four_source_wide_rrf_top2000_candidates.json,ok,1697,1275.2012987012988,882,154,154,0,2000,,,0
os9_bm25_char_round_robin_1000,round_robin,os9_bm25_char,round18/outputs/o_sparse/o_s9_union_gate_bm25_char_dev/dev_full_dev_o_s9_union_gate_bm25_char_round_robin_top1000_candidates.json,ok,978,820.6818181818181,607,154,154,0,1,0.0512987012987013,0.038696537678207736,19
os9_bm25_char_round_robin_1000,round_robin,os9_bm25_char,round18/outputs/o_sparse/o_s9_union_gate_bm25_char_dev/dev_full_dev_o_s9_union_gate_bm25_char_round_robin_top1000_candidates.json,ok,978,820.6818181818181,607,154,154,0,3,0.10876623376623376,0.09164969450101833,38
os9_bm25_char_round_robin_1000,round_robin,os9_bm25_char,round18/outputs/o_sparse/o_s9_union_gate_bm25_char_dev/dev_full_dev_o_s9_union_gate_bm25_char_round_robin_top1000_candidates.json,ok,978,820.6818181818181,607,154,154,0,5,0.1369047619047619,0.12219959266802444,45
os9_bm25_char_round_robin_1000,round_robin,os9_bm25_char,round18/outputs/o_sparse/o_s9_union_gate_bm25_char_dev/dev_full_dev_o_s9_union_gate_bm25_char_round_robin_top1000_candidates.json,ok,978,820.6818181818181,607,154,154,0,10,0.1777056277056277,0.1629327902240326,57
os9_bm25_char_round_robin_1000,round_robin,os9_bm25_char,round18/outputs/o_sparse/o_s9_union_gate_bm25_char_dev/dev_full_dev_o_s9_union_gate_bm25_char_round_robin_top1000_candidates.json,ok,978,820.6818181818181,607,154,154,0,20,0.25422077922077924,0.23421588594704684,75
os9_bm25_char_round_robin_1000,round_robin,os9_bm25_char,round18/outputs/o_sparse/o_s9_union_gate_bm25_char_dev/dev_full_dev_o_s9_union_gate_bm25_char_round_robin_top1000_candidates.json,ok,978,820.6818181818181,607,154,154,0,32,0.2933982683982684,0.28105906313645623,85
os9_bm25_char_round_robin_1000,round_robin,os9_bm25_char,round18/outputs/o_sparse/o_s9_union_gate_bm25_char_dev/dev_full_dev_o_s9_union_gate_bm25_char_round_robin_top1000_candidates.json,ok,978,820.6818181818181,607,154,154,0,50,0.3438311688311689,0.3258655804480652,93
os9_bm25_char_round_robin_1000,round_robin,os9_bm25_char,round18/outputs/o_sparse/o_s9_union_gate_bm25_char_dev/dev_full_dev_o_s9_union_gate_bm25_char_round_robin_top1000_candidates.json,ok,978,820.6818181818181,607,154,154,0,64,0.3840909090909091,0.37067209775967414,103
os9_bm25_char_round_robin_1000,round_robin,os9_bm25_char,round18/outputs/o_sparse/o_s9_union_gate_bm25_char_dev/dev_full_dev_o_s9_union_gate_bm25_char_round_robin_top1000_candidates.json,ok,978,820.6818181818181,607,154,154,0,100,0.4396103896103896,0.4175152749490835,113
os9_bm25_char_round_robin_1000,round_robin,os9_bm25_char,round18/outputs/o_sparse/o_s9_union_gate_bm25_char_dev/dev_full_dev_o_s9_union_gate_bm25_char_round_robin_top1000_candidates.json,ok,978,820.6818181818181,607,154,154,0,200,0.5364718614718614,0.515274949083503,127
os9_bm25_char_round_robin_1000,round_robin,os9_bm25_char,round18/outputs/o_sparse/o_s9_union_gate_bm25_char_dev/dev_full_dev_o_s9_union_gate_bm25_char_round_robin_top1000_candidates.json,ok,978,820.6818181818181,607,154,154,0,300,0.5785714285714285,0.5621181262729125,129
os9_bm25_char_round_robin_1000,round_robin,os9_bm25_char,round18/outputs/o_sparse/o_s9_union_gate_bm25_char_dev/dev_full_dev_o_s9_union_gate_bm25_char_round_robin_top1000_candidates.json,ok,978,820.6818181818181,607,154,154,0,500,0.6566017316017315,0.6313645621181263,137
os9_bm25_char_round_robin_1000,round_robin,os9_bm25_char,round18/outputs/o_sparse/o_s9_union_gate_bm25_char_dev/dev_full_dev_o_s9_union_gate_bm25_char_round_robin_top1000_candidates.json,ok,978,820.6818181818181,607,154,154,0,1000,,,0
os9_bm25_char_round_robin_1000,round_robin,os9_bm25_char,round18/outputs/o_sparse/o_s9_union_gate_bm25_char_dev/dev_full_dev_o_s9_union_gate_bm25_char_round_robin_top1000_candidates.json,ok,978,820.6818181818181,607,154,154,0,2000,,,0
os9_four_source_round_robin_2000,round_robin,os9_four_source,round18/outputs/o_sparse/o_s9_union_gate_four_source_wide_dev/dev_full_dev_o_s9_union_gate_four_source_wide_round_robin_top2000_candidates.json,ok,1697,1275.2012987012988,882,154,154,0,1,0.0512987012987013,0.038696537678207736,19
os9_four_source_round_robin_2000,round_robin,os9_four_source,round18/outputs/o_sparse/o_s9_union_gate_four_source_wide_dev/dev_full_dev_o_s9_union_gate_four_source_wide_round_robin_top2000_candidates.json,ok,1697,1275.2012987012988,882,154,154,0,3,0.10681818181818181,0.09164969450101833,38
os9_four_source_round_robin_2000,round_robin,os9_four_source,round18/outputs/o_sparse/o_s9_union_gate_four_source_wide_dev/dev_full_dev_o_s9_union_gate_four_source_wide_round_robin_top2000_candidates.json,ok,1697,1275.2012987012988,882,154,154,0,5,0.13333333333333333,0.12423625254582485,47
os9_four_source_round_robin_2000,round_robin,os9_four_source,round18/outputs/o_sparse/o_s9_union_gate_four_source_wide_dev/dev_full_dev_o_s9_union_gate_four_source_wide_round_robin_top2000_candidates.json,ok,1697,1275.2012987012988,882,154,154,0,10,0.18636363636363637,0.17718940936863545,59
os9_four_source_round_robin_2000,round_robin,os9_four_source,round18/outputs/o_sparse/o_s9_union_gate_four_source_wide_dev/dev_full_dev_o_s9_union_gate_four_source_wide_round_robin_top2000_candidates.json,ok,1697,1275.2012987012988,882,154,154,0,20,0.24274891774891774,0.2240325865580448,74
os9_four_source_round_robin_2000,round_robin,os9_four_source,round18/outputs/o_sparse/o_s9_union_gate_four_source_wide_dev/dev_full_dev_o_s9_union_gate_four_source_wide_round_robin_top2000_candidates.json,ok,1697,1275.2012987012988,882,154,154,0,32,0.3106060606060606,0.2892057026476578,88
os9_four_source_round_robin_2000,round_robin,os9_four_source,round18/outputs/o_sparse/o_s9_union_gate_four_source_wide_dev/dev_full_dev_o_s9_union_gate_four_source_wide_round_robin_top2000_candidates.json,ok,1697,1275.2012987012988,882,154,154,0,50,0.3665584415584416,0.34826883910386963,97
os9_four_source_round_robin_2000,round_robin,os9_four_source,round18/outputs/o_sparse/o_s9_union_gate_four_source_wide_dev/dev_full_dev_o_s9_union_gate_four_source_wide_round_robin_top2000_candidates.json,ok,1697,1275.2012987012988,882,154,154,0,64,0.4083333333333333,0.3869653767820774,104
os9_four_source_round_robin_2000,round_robin,os9_four_source,round18/outputs/o_sparse/o_s9_union_gate_four_source_wide_dev/dev_full_dev_o_s9_union_gate_four_source_wide_round_robin_top2000_candidates.json,ok,1697,1275.2012987012988,882,154,154,0,100,0.4441558441558442,0.42362525458248473,110
os9_four_source_round_robin_2000,round_robin,os9_four_source,round18/outputs/o_sparse/o_s9_union_gate_four_source_wide_dev/dev_full_dev_o_s9_union_gate_four_source_wide_round_robin_top2000_candidates.json,ok,1697,1275.2012987012988,882,154,154,0,200,0.5382034632034632,0.5071283095723014,125
os9_four_source_round_robin_2000,round_robin,os9_four_source,round18/outputs/o_sparse/o_s9_union_gate_four_source_wide_dev/dev_full_dev_o_s9_union_gate_four_source_wide_round_robin_top2000_candidates.json,ok,1697,1275.2012987012988,882,154,154,0,300,0.575974025974026,0.5519348268839104,127
os9_four_source_round_robin_2000,round_robin,os9_four_source,round18/outputs/o_sparse/o_s9_union_gate_four_source_wide_dev/dev_full_dev_o_s9_union_gate_four_source_wide_round_robin_top2000_candidates.json,ok,1697,1275.2012987012988,882,154,154,0,500,0.6465367965367965,0.6293279022403259,135
os9_four_source_round_robin_2000,round_robin,os9_four_source,round18/outputs/o_sparse/o_s9_union_gate_four_source_wide_dev/dev_full_dev_o_s9_union_gate_four_source_wide_round_robin_top2000_candidates.json,ok,1697,1275.2012987012988,882,154,154,0,1000,0.7133116883116882,0.6985743380855397,139
os9_four_source_round_robin_2000,round_robin,os9_four_source,round18/outputs/o_sparse/o_s9_union_gate_four_source_wide_dev/dev_full_dev_o_s9_union_gate_four_source_wide_round_robin_top2000_candidates.json,ok,1697,1275.2012987012988,882,154,154,0,2000,,,0
os9_bm25_char_priority_1000,priority,os9_bm25_char,round18/outputs/o_sparse/o_s9_union_gate_bm25_char_dev/dev_full_dev_o_s9_union_gate_bm25_char_priority_top1000_candidates.json,ok,978,820.6818181818181,607,154,154,0,1,0.04967532467532468,0.03665987780040733,18
os9_bm25_char_priority_1000,priority,os9_bm25_char,round18/outputs/o_sparse/o_s9_union_gate_bm25_char_dev/dev_full_dev_o_s9_union_gate_bm25_char_priority_top1000_candidates.json,ok,978,820.6818181818181,607,154,154,0,3,0.0775974025974026,0.06924643584521385,32
os9_bm25_char_priority_1000,priority,os9_bm25_char,round18/outputs/o_sparse/o_s9_union_gate_bm25_char_dev/dev_full_dev_o_s9_union_gate_bm25_char_priority_top1000_candidates.json,ok,978,820.6818181818181,607,154,154,0,5,0.1025974025974026,0.09572301425661914,40
os9_bm25_char_priority_1000,priority,os9_bm25_char,round18/outputs/o_sparse/o_s9_union_gate_bm25_char_dev/dev_full_dev_o_s9_union_gate_bm25_char_priority_top1000_candidates.json,ok,978,820.6818181818181,607,154,154,0,10,0.16515151515151516,0.14867617107942974,57
os9_bm25_char_priority_1000,priority,os9_bm25_char,round18/outputs/o_sparse/o_s9_union_gate_bm25_char_dev/dev_full_dev_o_s9_union_gate_bm25_char_priority_top1000_candidates.json,ok,978,820.6818181818181,607,154,154,0,20,0.21731601731601732,0.20366598778004075,71
os9_bm25_char_priority_1000,priority,os9_bm25_char,round18/outputs/o_sparse/o_s9_union_gate_bm25_char_dev/dev_full_dev_o_s9_union_gate_bm25_char_priority_top1000_candidates.json,ok,978,820.6818181818181,607,154,154,0,32,0.2647186147186147,0.2484725050916497,79
os9_bm25_char_priority_1000,priority,os9_bm25_char,round18/outputs/o_sparse/o_s9_union_gate_bm25_char_dev/dev_full_dev_o_s9_union_gate_bm25_char_priority_top1000_candidates.json,ok,978,820.6818181818181,607,154,154,0,50,0.3207792207792208,0.3054989816700611,93
os9_bm25_char_priority_1000,priority,os9_bm25_char,round18/outputs/o_sparse/o_s9_union_gate_bm25_char_dev/dev_full_dev_o_s9_union_gate_bm25_char_priority_top1000_candidates.json,ok,978,820.6818181818181,607,154,154,0,64,0.3412337662337662,0.329938900203666,97
os9_bm25_char_priority_1000,priority,os9_bm25_char,round18/outputs/o_sparse/o_s9_union_gate_bm25_char_dev/dev_full_dev_o_s9_union_gate_bm25_char_priority_top1000_candidates.json,ok,978,820.6818181818181,607,154,154,0,100,0.40800865800865804,0.38289205702647655,107
os9_bm25_char_priority_1000,priority,os9_bm25_char,round18/outputs/o_sparse/o_s9_union_gate_bm25_char_dev/dev_full_dev_o_s9_union_gate_bm25_char_priority_top1000_candidates.json,ok,978,820.6818181818181,607,154,154,0,200,0.4980519480519481,0.47046843177189407,120
os9_bm25_char_priority_1000,priority,os9_bm25_char,round18/outputs/o_sparse/o_s9_union_gate_bm25_char_dev/dev_full_dev_o_s9_union_gate_bm25_char_priority_top1000_candidates.json,ok,978,820.6818181818181,607,154,154,0,300,0.560064935064935,0.5356415478615071,128
os9_bm25_char_priority_1000,priority,os9_bm25_char,round18/outputs/o_sparse/o_s9_union_gate_bm25_char_dev/dev_full_dev_o_s9_union_gate_bm25_char_priority_top1000_candidates.json,ok,978,820.6818181818181,607,154,154,0,500,0.6535714285714286,0.6211812627291242,138
os9_bm25_char_priority_1000,priority,os9_bm25_char,round18/outputs/o_sparse/o_s9_union_gate_bm25_char_dev/dev_full_dev_o_s9_union_gate_bm25_char_priority_top1000_candidates.json,ok,978,820.6818181818181,607,154,154,0,1000,,,0
os9_bm25_char_priority_1000,priority,os9_bm25_char,round18/outputs/o_sparse/o_s9_union_gate_bm25_char_dev/dev_full_dev_o_s9_union_gate_bm25_char_priority_top1000_candidates.json,ok,978,820.6818181818181,607,154,154,0,2000,,,0
os9_four_source_priority_2000,priority,os9_four_source,round18/outputs/o_sparse/o_s9_union_gate_four_source_wide_dev/dev_full_dev_o_s9_union_gate_four_source_wide_priority_top2000_candidates.json,ok,1697,1275.2012987012988,882,154,154,0,1,0.04967532467532468,0.03665987780040733,18
os9_four_source_priority_2000,priority,os9_four_source,round18/outputs/o_sparse/o_s9_union_gate_four_source_wide_dev/dev_full_dev_o_s9_union_gate_four_source_wide_priority_top2000_candidates.json,ok,1697,1275.2012987012988,882,154,154,0,3,0.0775974025974026,0.06924643584521385,32
os9_four_source_priority_2000,priority,os9_four_source,round18/outputs/o_sparse/o_s9_union_gate_four_source_wide_dev/dev_full_dev_o_s9_union_gate_four_source_wide_priority_top2000_candidates.json,ok,1697,1275.2012987012988,882,154,154,0,5,0.09134199134199134,0.08757637474541752,36
os9_four_source_priority_2000,priority,os9_four_source,round18/outputs/o_sparse/o_s9_union_gate_four_source_wide_dev/dev_full_dev_o_s9_union_gate_four_source_wide_priority_top2000_candidates.json,ok,1697,1275.2012987012988,882,154,154,0,10,0.15638528138528138,0.1384928716904277,55
os9_four_source_priority_2000,priority,os9_four_source,round18/outputs/o_sparse/o_s9_union_gate_four_source_wide_dev/dev_full_dev_o_s9_union_gate_four_source_wide_priority_top2000_candidates.json,ok,1697,1275.2012987012988,882,154,154,0,20,0.20216450216450216,0.1894093686354379,68
os9_four_source_priority_2000,priority,os9_four_source,round18/outputs/o_sparse/o_s9_union_gate_four_source_wide_dev/dev_full_dev_o_s9_union_gate_four_source_wide_priority_top2000_candidates.json,ok,1697,1275.2012987012988,882,154,154,0,32,0.23084415584415582,0.219959266802444,72
os9_four_source_priority_2000,priority,os9_four_source,round18/outputs/o_sparse/o_s9_union_gate_four_source_wide_dev/dev_full_dev_o_s9_union_gate_four_source_wide_priority_top2000_candidates.json,ok,1697,1275.2012987012988,882,154,154,0,50,0.28928571428571426,0.2790224032586558,85
os9_four_source_priority_2000,priority,os9_four_source,round18/outputs/o_sparse/o_s9_union_gate_four_source_wide_dev/dev_full_dev_o_s9_union_gate_four_source_wide_priority_top2000_candidates.json,ok,1697,1275.2012987012988,882,154,154,0,64,0.3195887445887446,0.3075356415478615,92
os9_four_source_priority_2000,priority,os9_four_source,round18/outputs/o_sparse/o_s9_union_gate_four_source_wide_dev/dev_full_dev_o_s9_union_gate_four_source_wide_priority_top2000_candidates.json,ok,1697,1275.2012987012988,882,154,154,0,100,0.3612554112554113,0.35234215885947046,99
os9_four_source_priority_2000,priority,os9_four_source,round18/outputs/o_sparse/o_s9_union_gate_four_source_wide_dev/dev_full_dev_o_s9_union_gate_four_source_wide_priority_top2000_candidates.json,ok,1697,1275.2012987012988,882,154,154,0,200,0.46450216450216447,0.4439918533604888,115
os9_four_source_priority_2000,priority,os9_four_source,round18/outputs/o_sparse/o_s9_union_gate_four_source_wide_dev/dev_full_dev_o_s9_union_gate_four_source_wide_priority_top2000_candidates.json,ok,1697,1275.2012987012988,882,154,154,0,300,0.5081168831168831,0.4847250509164969,121
os9_four_source_priority_2000,priority,os9_four_source,round18/outputs/o_sparse/o_s9_union_gate_four_source_wide_dev/dev_full_dev_o_s9_union_gate_four_source_wide_priority_top2000_candidates.json,ok,1697,1275.2012987012988,882,154,154,0,500,0.5849567099567099,0.5682281059063137,130
os9_four_source_priority_2000,priority,os9_four_source,round18/outputs/o_sparse/o_s9_union_gate_four_source_wide_dev/dev_full_dev_o_s9_union_gate_four_source_wide_priority_top2000_candidates.json,ok,1697,1275.2012987012988,882,154,154,0,1000,0.7063852813852813,0.6904276985743381,139
os9_four_source_priority_2000,priority,os9_four_source,round18/outputs/o_sparse/o_s9_union_gate_four_source_wide_dev/dev_full_dev_o_s9_union_gate_four_source_wide_priority_top2000_candidates.json,ok,1697,1275.2012987012988,882,154,154,0,2000,,,0
os9_bm25_char_union_upper_1000,union_upper,os9_bm25_char,round18/outputs/o_sparse/o_s9_union_gate_bm25_char_dev/dev_full_dev_o_s9_union_gate_bm25_char_union_upper_top1000_candidates.json,ok,978,820.6818181818181,607,154,154,0,1,0.052922077922077926,0.04276985743380855,21
os9_bm25_char_union_upper_1000,union_upper,os9_bm25_char,round18/outputs/o_sparse/o_s9_union_gate_bm25_char_dev/dev_full_dev_o_s9_union_gate_bm25_char_union_upper_top1000_candidates.json,ok,978,820.6818181818181,607,154,154,0,3,0.10865800865800866,0.09368635437881874,37
os9_bm25_char_union_upper_1000,union_upper,os9_bm25_char,round18/outputs/o_sparse/o_s9_union_gate_bm25_char_dev/dev_full_dev_o_s9_union_gate_bm25_char_union_upper_top1000_candidates.json,ok,978,820.6818181818181,607,154,154,0,5,0.14556277056277056,0.12627291242362526,46
os9_bm25_char_union_upper_1000,union_upper,os9_bm25_char,round18/outputs/o_sparse/o_s9_union_gate_bm25_char_dev/dev_full_dev_o_s9_union_gate_bm25_char_union_upper_top1000_candidates.json,ok,978,820.6818181818181,607,154,154,0,10,0.17987012987012987,0.164969450101833,58
os9_bm25_char_union_upper_1000,union_upper,os9_bm25_char,round18/outputs/o_sparse/o_s9_union_gate_bm25_char_dev/dev_full_dev_o_s9_union_gate_bm25_char_union_upper_top1000_candidates.json,ok,978,820.6818181818181,607,154,154,0,20,0.25551948051948054,0.23625254582484725,75
os9_bm25_char_union_upper_1000,union_upper,os9_bm25_char,round18/outputs/o_sparse/o_s9_union_gate_bm25_char_dev/dev_full_dev_o_s9_union_gate_bm25_char_union_upper_top1000_candidates.json,ok,978,820.6818181818181,607,154,154,0,32,0.2933982683982684,0.28105906313645623,85
os9_bm25_char_union_upper_1000,union_upper,os9_bm25_char,round18/outputs/o_sparse/o_s9_union_gate_bm25_char_dev/dev_full_dev_o_s9_union_gate_bm25_char_union_upper_top1000_candidates.json,ok,978,820.6818181818181,607,154,154,0,50,0.3451298701298701,0.32790224032586557,93
os9_bm25_char_union_upper_1000,union_upper,os9_bm25_char,round18/outputs/o_sparse/o_s9_union_gate_bm25_char_dev/dev_full_dev_o_s9_union_gate_bm25_char_union_upper_top1000_candidates.json,ok,978,820.6818181818181,607,154,154,0,64,0.3840909090909091,0.37067209775967414,103
os9_bm25_char_union_upper_1000,union_upper,os9_bm25_char,round18/outputs/o_sparse/o_s9_union_gate_bm25_char_dev/dev_full_dev_o_s9_union_gate_bm25_char_union_upper_top1000_candidates.json,ok,978,820.6818181818181,607,154,154,0,100,0.4396103896103896,0.4175152749490835,113
os9_bm25_char_union_upper_1000,union_upper,os9_bm25_char,round18/outputs/o_sparse/o_s9_union_gate_bm25_char_dev/dev_full_dev_o_s9_union_gate_bm25_char_union_upper_top1000_candidates.json,ok,978,820.6818181818181,607,154,154,0,200,0.5364718614718614,0.515274949083503,127
os9_bm25_char_union_upper_1000,union_upper,os9_bm25_char,round18/outputs/o_sparse/o_s9_union_gate_bm25_char_dev/dev_full_dev_o_s9_union_gate_bm25_char_union_upper_top1000_candidates.json,ok,978,820.6818181818181,607,154,154,0,300,0.5785714285714285,0.5621181262729125,129
os9_bm25_char_union_upper_1000,union_upper,os9_bm25_char,round18/outputs/o_sparse/o_s9_union_gate_bm25_char_dev/dev_full_dev_o_s9_union_gate_bm25_char_union_upper_top1000_candidates.json,ok,978,820.6818181818181,607,154,154,0,500,0.6566017316017315,0.6313645621181263,137
os9_bm25_char_union_upper_1000,union_upper,os9_bm25_char,round18/outputs/o_sparse/o_s9_union_gate_bm25_char_dev/dev_full_dev_o_s9_union_gate_bm25_char_union_upper_top1000_candidates.json,ok,978,820.6818181818181,607,154,154,0,1000,,,0
os9_bm25_char_union_upper_1000,union_upper,os9_bm25_char,round18/outputs/o_sparse/o_s9_union_gate_bm25_char_dev/dev_full_dev_o_s9_union_gate_bm25_char_union_upper_top1000_candidates.json,ok,978,820.6818181818181,607,154,154,0,2000,,,0
os9_four_source_union_upper_2000,union_upper,os9_four_source,round18/outputs/o_sparse/o_s9_union_gate_four_source_wide_dev/dev_full_dev_o_s9_union_gate_four_source_wide_union_upper_top2000_candidates.json,ok,1697,1275.2012987012988,882,154,154,0,1,0.03181818181818182,0.034623217922606926,17
os9_four_source_union_upper_2000,union_upper,os9_four_source,round18/outputs/o_sparse/o_s9_union_gate_four_source_wide_dev/dev_full_dev_o_s9_union_gate_four_source_wide_union_upper_top2000_candidates.json,ok,1697,1275.2012987012988,882,154,154,0,3,0.10032467532467532,0.08757637474541752,36
os9_four_source_union_upper_2000,union_upper,os9_four_source,round18/outputs/o_sparse/o_s9_union_gate_four_source_wide_dev/dev_full_dev_o_s9_union_gate_four_source_wide_union_upper_top2000_candidates.json,ok,1697,1275.2012987012988,882,154,154,0,5,0.13603896103896104,0.12627291242362526,47
os9_four_source_union_upper_2000,union_upper,os9_four_source,round18/outputs/o_sparse/o_s9_union_gate_four_source_wide_dev/dev_full_dev_o_s9_union_gate_four_source_wide_union_upper_top2000_candidates.json,ok,1697,1275.2012987012988,882,154,154,0,10,0.18181818181818182,0.17515274949083504,58
os9_four_source_union_upper_2000,union_upper,os9_four_source,round18/outputs/o_sparse/o_s9_union_gate_four_source_wide_dev/dev_full_dev_o_s9_union_gate_four_source_wide_union_upper_top2000_candidates.json,ok,1697,1275.2012987012988,882,154,154,0,20,0.24145021645021641,0.2219959266802444,73
os9_four_source_union_upper_2000,union_upper,os9_four_source,round18/outputs/o_sparse/o_s9_union_gate_four_source_wide_dev/dev_full_dev_o_s9_union_gate_four_source_wide_union_upper_top2000_candidates.json,ok,1697,1275.2012987012988,882,154,154,0,32,0.3093073593073593,0.28716904276985744,88
os9_four_source_union_upper_2000,union_upper,os9_four_source,round18/outputs/o_sparse/o_s9_union_gate_four_source_wide_dev/dev_full_dev_o_s9_union_gate_four_source_wide_union_upper_top2000_candidates.json,ok,1697,1275.2012987012988,882,154,154,0,50,0.3665584415584416,0.34826883910386963,97
os9_four_source_union_upper_2000,union_upper,os9_four_source,round18/outputs/o_sparse/o_s9_union_gate_four_source_wide_dev/dev_full_dev_o_s9_union_gate_four_source_wide_union_upper_top2000_candidates.json,ok,1697,1275.2012987012988,882,154,154,0,64,0.40995670995670996,0.3890020366598778,105
os9_four_source_union_upper_2000,union_upper,os9_four_source,round18/outputs/o_sparse/o_s9_union_gate_four_source_wide_dev/dev_full_dev_o_s9_union_gate_four_source_wide_union_upper_top2000_candidates.json,ok,1697,1275.2012987012988,882,154,154,0,100,0.4441558441558442,0.42362525458248473,110
os9_four_source_union_upper_2000,union_upper,os9_four_source,round18/outputs/o_sparse/o_s9_union_gate_four_source_wide_dev/dev_full_dev_o_s9_union_gate_four_source_wide_union_upper_top2000_candidates.json,ok,1697,1275.2012987012988,882,154,154,0,200,0.5382034632034632,0.5071283095723014,125
os9_four_source_union_upper_2000,union_upper,os9_four_source,round18/outputs/o_sparse/o_s9_union_gate_four_source_wide_dev/dev_full_dev_o_s9_union_gate_four_source_wide_union_upper_top2000_candidates.json,ok,1697,1275.2012987012988,882,154,154,0,300,0.575974025974026,0.5519348268839104,127
os9_four_source_union_upper_2000,union_upper,os9_four_source,round18/outputs/o_sparse/o_s9_union_gate_four_source_wide_dev/dev_full_dev_o_s9_union_gate_four_source_wide_union_upper_top2000_candidates.json,ok,1697,1275.2012987012988,882,154,154,0,500,0.6465367965367965,0.6293279022403259,135
os9_four_source_union_upper_2000,union_upper,os9_four_source,round18/outputs/o_sparse/o_s9_union_gate_four_source_wide_dev/dev_full_dev_o_s9_union_gate_four_source_wide_union_upper_top2000_candidates.json,ok,1697,1275.2012987012988,882,154,154,0,1000,0.7133116883116882,0.6985743380855397,139
os9_four_source_union_upper_2000,union_upper,os9_four_source,round18/outputs/o_sparse/o_s9_union_gate_four_source_wide_dev/dev_full_dev_o_s9_union_gate_four_source_wide_union_upper_top2000_candidates.json,ok,1697,1275.2012987012988,882,154,154,0,2000,,,0
os8_hand_feature,O-S8 hand-feature,os8,round18/outputs/o_sparse/o_s8_hand_feature_ranker/dev_full_dev_o_s8_hand_feature_ranker_top500_candidates.json,ok,500,500.0,500,154,154,0,1,0.07781385281385281,0.05702647657841141,28
os8_hand_feature,O-S8 hand-feature,os8,round18/outputs/o_sparse/o_s8_hand_feature_ranker/dev_full_dev_o_s8_hand_feature_ranker_top500_candidates.json,ok,500,500.0,500,154,154,0,3,0.1555194805194805,0.13238289205702647,49
os8_hand_feature,O-S8 hand-feature,os8,round18/outputs/o_sparse/o_s8_hand_feature_ranker/dev_full_dev_o_s8_hand_feature_ranker_top500_candidates.json,ok,500,500.0,500,154,154,0,5,0.20183982683982682,0.17515274949083504,66
os8_hand_feature,O-S8 hand-feature,os8,round18/outputs/o_sparse/o_s8_hand_feature_ranker/dev_full_dev_o_s8_hand_feature_ranker_top500_candidates.json,ok,500,500.0,500,154,154,0,10,0.2624458874458874,0.24032586558044808,80
os8_hand_feature,O-S8 hand-feature,os8,round18/outputs/o_sparse/o_s8_hand_feature_ranker/dev_full_dev_o_s8_hand_feature_ranker_top500_candidates.json,ok,500,500.0,500,154,154,0,20,0.3586580086580087,0.3340122199592668,97
os8_hand_feature,O-S8 hand-feature,os8,round18/outputs/o_sparse/o_s8_hand_feature_ranker/dev_full_dev_o_s8_hand_feature_ranker_top500_candidates.json,ok,500,500.0,500,154,154,0,32,0.41049783549783553,0.3890020366598778,106
os8_hand_feature,O-S8 hand-feature,os8,round18/outputs/o_sparse/o_s8_hand_feature_ranker/dev_full_dev_o_s8_hand_feature_ranker_top500_candidates.json,ok,500,500.0,500,154,154,0,50,0.47186147186147187,0.439918533604888,114
os8_hand_feature,O-S8 hand-feature,os8,round18/outputs/o_sparse/o_s8_hand_feature_ranker/dev_full_dev_o_s8_hand_feature_ranker_top500_candidates.json,ok,500,500.0,500,154,154,0,64,0.49274891774891777,0.45824847250509165,117
os8_hand_feature,O-S8 hand-feature,os8,round18/outputs/o_sparse/o_s8_hand_feature_ranker/dev_full_dev_o_s8_hand_feature_ranker_top500_candidates.json,ok,500,500.0,500,154,154,0,100,0.5322510822510823,0.5010183299389002,121
os8_hand_feature,O-S8 hand-feature,os8,round18/outputs/o_sparse/o_s8_hand_feature_ranker/dev_full_dev_o_s8_hand_feature_ranker_top500_candidates.json,ok,500,500.0,500,154,154,0,200,0.6000000000000001,0.570264765784114,131
os8_hand_feature,O-S8 hand-feature,os8,round18/outputs/o_sparse/o_s8_hand_feature_ranker/dev_full_dev_o_s8_hand_feature_ranker_top500_candidates.json,ok,500,500.0,500,154,154,0,300,0.6397186147186147,0.6069246435845214,135
os8_hand_feature,O-S8 hand-feature,os8,round18/outputs/o_sparse/o_s8_hand_feature_ranker/dev_full_dev_o_s8_hand_feature_ranker_top500_candidates.json,ok,500,500.0,500,154,154,0,500,0.6666666666666667,0.639511201629328,137
os8_hand_feature,O-S8 hand-feature,os8,round18/outputs/o_sparse/o_s8_hand_feature_ranker/dev_full_dev_o_s8_hand_feature_ranker_top500_candidates.json,ok,500,500.0,500,154,154,0,1000,,,0
os8_hand_feature,O-S8 hand-feature,os8,round18/outputs/o_sparse/o_s8_hand_feature_ranker/dev_full_dev_o_s8_hand_feature_ranker_top500_candidates.json,ok,500,500.0,500,154,154,0,2000,,,0
os10_o_s10_wide_hand_feature_bm25_char_round_robin_pos16,o s10 wide hand feature bm25 char round robin pos16,os10,round18/outputs/o_sparse/o_s10_wide_hand_feature_bm25_char_round_robin_pos16/dev_full_dev_o_s10_wide_hand_feature_bm25_char_round_robin_pos16_top500_candidates.json,ok,500,500.0,500,154,154,0,1,0.07445887445887446,0.05702647657841141,28
os10_o_s10_wide_hand_feature_bm25_char_round_robin_pos16,o s10 wide hand feature bm25 char round robin pos16,os10,round18/outputs/o_sparse/o_s10_wide_hand_feature_bm25_char_round_robin_pos16/dev_full_dev_o_s10_wide_hand_feature_bm25_char_round_robin_pos16_top500_candidates.json,ok,500,500.0,500,154,154,0,3,0.12564935064935065,0.109979633401222,43
os10_o_s10_wide_hand_feature_bm25_char_round_robin_pos16,o s10 wide hand feature bm25 char round robin pos16,os10,round18/outputs/o_sparse/o_s10_wide_hand_feature_bm25_char_round_robin_pos16/dev_full_dev_o_s10_wide_hand_feature_bm25_char_round_robin_pos16_top500_candidates.json,ok,500,500.0,500,154,154,0,5,0.16287878787878787,0.1446028513238289,56
os10_o_s10_wide_hand_feature_bm25_char_round_robin_pos16,o s10 wide hand feature bm25 char round robin pos16,os10,round18/outputs/o_sparse/o_s10_wide_hand_feature_bm25_char_round_robin_pos16/dev_full_dev_o_s10_wide_hand_feature_bm25_char_round_robin_pos16_top500_candidates.json,ok,500,500.0,500,154,154,0,10,0.2316017316017316,0.20366598778004075,74
os10_o_s10_wide_hand_feature_bm25_char_round_robin_pos16,o s10 wide hand feature bm25 char round robin pos16,os10,round18/outputs/o_sparse/o_s10_wide_hand_feature_bm25_char_round_robin_pos16/dev_full_dev_o_s10_wide_hand_feature_bm25_char_round_robin_pos16_top500_candidates.json,ok,500,500.0,500,154,154,0,20,0.3194805194805195,0.2892057026476578,91
os10_o_s10_wide_hand_feature_bm25_char_round_robin_pos16,o s10 wide hand feature bm25 char round robin pos16,os10,round18/outputs/o_sparse/o_s10_wide_hand_feature_bm25_char_round_robin_pos16/dev_full_dev_o_s10_wide_hand_feature_bm25_char_round_robin_pos16_top500_candidates.json,ok,500,500.0,500,154,154,0,32,0.3713203463203463,0.35030549898167007,99
os10_o_s10_wide_hand_feature_bm25_char_round_robin_pos16,o s10 wide hand feature bm25 char round robin pos16,os10,round18/outputs/o_sparse/o_s10_wide_hand_feature_bm25_char_round_robin_pos16/dev_full_dev_o_s10_wide_hand_feature_bm25_char_round_robin_pos16_top500_candidates.json,ok,500,500.0,500,154,154,0,50,0.44134199134199137,0.4195519348268839,111
os10_o_s10_wide_hand_feature_bm25_char_round_robin_pos16,o s10 wide hand feature bm25 char round robin pos16,os10,round18/outputs/o_sparse/o_s10_wide_hand_feature_bm25_char_round_robin_pos16/dev_full_dev_o_s10_wide_hand_feature_bm25_char_round_robin_pos16_top500_candidates.json,ok,500,500.0,500,154,154,0,64,0.4518398268398268,0.42973523421588594,112
os10_o_s10_wide_hand_feature_bm25_char_round_robin_pos16,o s10 wide hand feature bm25 char round robin pos16,os10,round18/outputs/o_sparse/o_s10_wide_hand_feature_bm25_char_round_robin_pos16/dev_full_dev_o_s10_wide_hand_feature_bm25_char_round_robin_pos16_top500_candidates.json,ok,500,500.0,500,154,154,0,100,0.5183982683982684,0.4847250509164969,121
os10_o_s10_wide_hand_feature_bm25_char_round_robin_pos16,o s10 wide hand feature bm25 char round robin pos16,os10,round18/outputs/o_sparse/o_s10_wide_hand_feature_bm25_char_round_robin_pos16/dev_full_dev_o_s10_wide_hand_feature_bm25_char_round_robin_pos16_top500_candidates.json,ok,500,500.0,500,154,154,0,200,0.6205627705627705,0.5824847250509165,134
os10_o_s10_wide_hand_feature_bm25_char_round_robin_pos16,o s10 wide hand feature bm25 char round robin pos16,os10,round18/outputs/o_sparse/o_s10_wide_hand_feature_bm25_char_round_robin_pos16/dev_full_dev_o_s10_wide_hand_feature_bm25_char_round_robin_pos16_top500_candidates.json,ok,500,500.0,500,154,154,0,300,0.658982683982684,0.6252545824847251,137
os10_o_s10_wide_hand_feature_bm25_char_round_robin_pos16,o s10 wide hand feature bm25 char round robin pos16,os10,round18/outputs/o_sparse/o_s10_wide_hand_feature_bm25_char_round_robin_pos16/dev_full_dev_o_s10_wide_hand_feature_bm25_char_round_robin_pos16_top500_candidates.json,ok,500,500.0,500,154,154,0,500,0.6843073593073593,0.659877800407332,138
os10_o_s10_wide_hand_feature_bm25_char_round_robin_pos16,o s10 wide hand feature bm25 char round robin pos16,os10,round18/outputs/o_sparse/o_s10_wide_hand_feature_bm25_char_round_robin_pos16/dev_full_dev_o_s10_wide_hand_feature_bm25_char_round_robin_pos16_top500_candidates.json,ok,500,500.0,500,154,154,0,1000,,,0
os10_o_s10_wide_hand_feature_bm25_char_round_robin_pos16,o s10 wide hand feature bm25 char round robin pos16,os10,round18/outputs/o_sparse/o_s10_wide_hand_feature_bm25_char_round_robin_pos16/dev_full_dev_o_s10_wide_hand_feature_bm25_char_round_robin_pos16_top500_candidates.json,ok,500,500.0,500,154,154,0,2000,,,0
os10_o_s10_wide_hand_feature_bm25_char_round_robin_top1000,o s10 wide hand feature bm25 char round robin top1000,os10,round18/outputs/o_sparse/o_s10_wide_hand_feature_bm25_char_round_robin_top1000/dev_full_dev_o_s10_wide_hand_feature_bm25_char_round_robin_top1000_top500_candidates.json,ok,500,500.0,500,154,154,0,1,0.08885281385281385,0.07128309572301425,35
os10_o_s10_wide_hand_feature_bm25_char_round_robin_top1000,o s10 wide hand feature bm25 char round robin top1000,os10,round18/outputs/o_sparse/o_s10_wide_hand_feature_bm25_char_round_robin_top1000/dev_full_dev_o_s10_wide_hand_feature_bm25_char_round_robin_top1000_top500_candidates.json,ok,500,500.0,500,154,154,0,3,0.14632034632034632,0.13034623217922606,52
os10_o_s10_wide_hand_feature_bm25_char_round_robin_top1000,o s10 wide hand feature bm25 char round robin top1000,os10,round18/outputs/o_sparse/o_s10_wide_hand_feature_bm25_char_round_robin_top1000/dev_full_dev_o_s10_wide_hand_feature_bm25_char_round_robin_top1000_top500_candidates.json,ok,500,500.0,500,154,154,0,5,0.17748917748917747,0.16089613034623218,61
os10_o_s10_wide_hand_feature_bm25_char_round_robin_top1000,o s10 wide hand feature bm25 char round robin top1000,os10,round18/outputs/o_sparse/o_s10_wide_hand_feature_bm25_char_round_robin_top1000/dev_full_dev_o_s10_wide_hand_feature_bm25_char_round_robin_top1000_top500_candidates.json,ok,500,500.0,500,154,154,0,10,0.2551948051948052,0.23625254582484725,77
os10_o_s10_wide_hand_feature_bm25_char_round_robin_top1000,o s10 wide hand feature bm25 char round robin top1000,os10,round18/outputs/o_sparse/o_s10_wide_hand_feature_bm25_char_round_robin_top1000/dev_full_dev_o_s10_wide_hand_feature_bm25_char_round_robin_top1000_top500_candidates.json,ok,500,500.0,500,154,154,0,20,0.3417748917748918,0.32382892057026474,94
os10_o_s10_wide_hand_feature_bm25_char_round_robin_top1000,o s10 wide hand feature bm25 char round robin top1000,os10,round18/outputs/o_sparse/o_s10_wide_hand_feature_bm25_char_round_robin_top1000/dev_full_dev_o_s10_wide_hand_feature_bm25_char_round_robin_top1000_top500_candidates.json,ok,500,500.0,500,154,154,0,32,0.3883116883116883,0.3604887983706721,103
os10_o_s10_wide_hand_feature_bm25_char_round_robin_top1000,o s10 wide hand feature bm25 char round robin top1000,os10,round18/outputs/o_sparse/o_s10_wide_hand_feature_bm25_char_round_robin_top1000/dev_full_dev_o_s10_wide_hand_feature_bm25_char_round_robin_top1000_top500_candidates.json,ok,500,500.0,500,154,154,0,50,0.46266233766233766,0.42973523421588594,115
os10_o_s10_wide_hand_feature_bm25_char_round_robin_top1000,o s10 wide hand feature bm25 char round robin top1000,os10,round18/outputs/o_sparse/o_s10_wide_hand_feature_bm25_char_round_robin_top1000/dev_full_dev_o_s10_wide_hand_feature_bm25_char_round_robin_top1000_top500_candidates.json,ok,500,500.0,500,154,154,0,64,0.4875541125541125,0.45213849287169044,117
os10_o_s10_wide_hand_feature_bm25_char_round_robin_top1000,o s10 wide hand feature bm25 char round robin top1000,os10,round18/outputs/o_sparse/o_s10_wide_hand_feature_bm25_char_round_robin_top1000/dev_full_dev_o_s10_wide_hand_feature_bm25_char_round_robin_top1000_top500_candidates.json,ok,500,500.0,500,154,154,0,100,0.5326839826839826,0.505091649694501,125
os10_o_s10_wide_hand_feature_bm25_char_round_robin_top1000,o s10 wide hand feature bm25 char round robin top1000,os10,round18/outputs/o_sparse/o_s10_wide_hand_feature_bm25_char_round_robin_top1000/dev_full_dev_o_s10_wide_hand_feature_bm25_char_round_robin_top1000_top500_candidates.json,ok,500,500.0,500,154,154,0,200,0.6175324675324675,0.5845213849287169,135
os10_o_s10_wide_hand_feature_bm25_char_round_robin_top1000,o s10 wide hand feature bm25 char round robin top1000,os10,round18/outputs/o_sparse/o_s10_wide_hand_feature_bm25_char_round_robin_top1000/dev_full_dev_o_s10_wide_hand_feature_bm25_char_round_robin_top1000_top500_candidates.json,ok,500,500.0,500,154,154,0,300,0.6499999999999999,0.6171079429735234,137
os10_o_s10_wide_hand_feature_bm25_char_round_robin_top1000,o s10 wide hand feature bm25 char round robin top1000,os10,round18/outputs/o_sparse/o_s10_wide_hand_feature_bm25_char_round_robin_top1000/dev_full_dev_o_s10_wide_hand_feature_bm25_char_round_robin_top1000_top500_candidates.json,ok,500,500.0,500,154,154,0,500,0.7005411255411256,0.6761710794297352,140
os10_o_s10_wide_hand_feature_bm25_char_round_robin_top1000,o s10 wide hand feature bm25 char round robin top1000,os10,round18/outputs/o_sparse/o_s10_wide_hand_feature_bm25_char_round_robin_top1000/dev_full_dev_o_s10_wide_hand_feature_bm25_char_round_robin_top1000_top500_candidates.json,ok,500,500.0,500,154,154,0,1000,,,0
os10_o_s10_wide_hand_feature_bm25_char_round_robin_top1000,o s10 wide hand feature bm25 char round robin top1000,os10,round18/outputs/o_sparse/o_s10_wide_hand_feature_bm25_char_round_robin_top1000/dev_full_dev_o_s10_wide_hand_feature_bm25_char_round_robin_top1000_top500_candidates.json,ok,500,500.0,500,154,154,0,2000,,,0
os10_o_s10_wide_hand_feature_bm25_char_round_robin_train500,o s10 wide hand feature bm25 char round robin train500,os10,round18/outputs/o_sparse/o_s10_wide_hand_feature_bm25_char_round_robin_train500/dev_full_dev_o_s10_wide_hand_feature_bm25_char_round_robin_train500_top500_candidates.json,ok,500,500.0,500,154,154,0,1,0.0801948051948052,0.06517311608961303,32
os10_o_s10_wide_hand_feature_bm25_char_round_robin_train500,o s10 wide hand feature bm25 char round robin train500,os10,round18/outputs/o_sparse/o_s10_wide_hand_feature_bm25_char_round_robin_train500/dev_full_dev_o_s10_wide_hand_feature_bm25_char_round_robin_train500_top500_candidates.json,ok,500,500.0,500,154,154,0,3,0.15422077922077923,0.12830957230142567,50
os10_o_s10_wide_hand_feature_bm25_char_round_robin_train500,o s10 wide hand feature bm25 char round robin train500,os10,round18/outputs/o_sparse/o_s10_wide_hand_feature_bm25_char_round_robin_train500/dev_full_dev_o_s10_wide_hand_feature_bm25_char_round_robin_train500_top500_candidates.json,ok,500,500.0,500,154,154,0,5,0.1897186147186147,0.1629327902240326,60
os10_o_s10_wide_hand_feature_bm25_char_round_robin_train500,o s10 wide hand feature bm25 char round robin train500,os10,round18/outputs/o_sparse/o_s10_wide_hand_feature_bm25_char_round_robin_train500/dev_full_dev_o_s10_wide_hand_feature_bm25_char_round_robin_train500_top500_candidates.json,ok,500,500.0,500,154,154,0,10,0.24675324675324675,0.2240325865580448,75
os10_o_s10_wide_hand_feature_bm25_char_round_robin_train500,o s10 wide hand feature bm25 char round robin train500,os10,round18/outputs/o_sparse/o_s10_wide_hand_feature_bm25_char_round_robin_train500/dev_full_dev_o_s10_wide_hand_feature_bm25_char_round_robin_train500_top500_candidates.json,ok,500,500.0,500,154,154,0,20,0.31417748917748917,0.3014256619144603,91
os10_o_s10_wide_hand_feature_bm25_char_round_robin_train500,o s10 wide hand feature bm25 char round robin train500,os10,round18/outputs/o_sparse/o_s10_wide_hand_feature_bm25_char_round_robin_train500/dev_full_dev_o_s10_wide_hand_feature_bm25_char_round_robin_train500_top500_candidates.json,ok,500,500.0,500,154,154,0,32,0.40183982683982683,0.3727087576374745,104
os10_o_s10_wide_hand_feature_bm25_char_round_robin_train500,o s10 wide hand feature bm25 char round robin train500,os10,round18/outputs/o_sparse/o_s10_wide_hand_feature_bm25_char_round_robin_train500/dev_full_dev_o_s10_wide_hand_feature_bm25_char_round_robin_train500_top500_candidates.json,ok,500,500.0,500,154,154,0,50,0.44686147186147185,0.41140529531568226,111
os10_o_s10_wide_hand_feature_bm25_char_round_robin_train500,o s10 wide hand feature bm25 char round robin train500,os10,round18/outputs/o_sparse/o_s10_wide_hand_feature_bm25_char_round_robin_train500/dev_full_dev_o_s10_wide_hand_feature_bm25_char_round_robin_train500_top500_candidates.json,ok,500,500.0,500,154,154,0,64,0.471969696969697,0.439918533604888,114
os10_o_s10_wide_hand_feature_bm25_char_round_robin_train500,o s10 wide hand feature bm25 char round robin train500,os10,round18/outputs/o_sparse/o_s10_wide_hand_feature_bm25_char_round_robin_train500/dev_full_dev_o_s10_wide_hand_feature_bm25_char_round_robin_train500_top500_candidates.json,ok,500,500.0,500,154,154,0,100,0.5279220779220779,0.48879837067209775,122
os10_o_s10_wide_hand_feature_bm25_char_round_robin_train500,o s10 wide hand feature bm25 char round robin train500,os10,round18/outputs/o_sparse/o_s10_wide_hand_feature_bm25_char_round_robin_train500/dev_full_dev_o_s10_wide_hand_feature_bm25_char_round_robin_train500_top500_candidates.json,ok,500,500.0,500,154,154,0,200,0.6012987012987012,0.5682281059063137,132
os10_o_s10_wide_hand_feature_bm25_char_round_robin_train500,o s10 wide hand feature bm25 char round robin train500,os10,round18/outputs/o_sparse/o_s10_wide_hand_feature_bm25_char_round_robin_train500/dev_full_dev_o_s10_wide_hand_feature_bm25_char_round_robin_train500_top500_candidates.json,ok,500,500.0,500,154,154,0,300,0.6393939393939394,0.615071283095723,135
os10_o_s10_wide_hand_feature_bm25_char_round_robin_train500,o s10 wide hand feature bm25 char round robin train500,os10,round18/outputs/o_sparse/o_s10_wide_hand_feature_bm25_char_round_robin_train500/dev_full_dev_o_s10_wide_hand_feature_bm25_char_round_robin_train500_top500_candidates.json,ok,500,500.0,500,154,154,0,500,0.6832251082251083,0.6578411405295316,138
os10_o_s10_wide_hand_feature_bm25_char_round_robin_train500,o s10 wide hand feature bm25 char round robin train500,os10,round18/outputs/o_sparse/o_s10_wide_hand_feature_bm25_char_round_robin_train500/dev_full_dev_o_s10_wide_hand_feature_bm25_char_round_robin_train500_top500_candidates.json,ok,500,500.0,500,154,154,0,1000,,,0
os10_o_s10_wide_hand_feature_bm25_char_round_robin_train500,o s10 wide hand feature bm25 char round robin train500,os10,round18/outputs/o_sparse/o_s10_wide_hand_feature_bm25_char_round_robin_train500/dev_full_dev_o_s10_wide_hand_feature_bm25_char_round_robin_train500_top500_candidates.json,ok,500,500.0,500,154,154,0,2000,,,0
os10_o_s10_wide_hand_feature_bm25_char_rrf_top1000,o s10 wide hand feature bm25 char rrf top1000,os10,round18/outputs/o_sparse/o_s10_wide_hand_feature_bm25_char_rrf_top1000/dev_full_dev_o_s10_wide_hand_feature_bm25_char_rrf_top1000_top500_candidates.json,ok,500,500.0,500,154,154,0,1,0.08084415584415584,0.06313645621181263,31
os10_o_s10_wide_hand_feature_bm25_char_rrf_top1000,o s10 wide hand feature bm25 char rrf top1000,os10,round18/outputs/o_sparse/o_s10_wide_hand_feature_bm25_char_rrf_top1000/dev_full_dev_o_s10_wide_hand_feature_bm25_char_rrf_top1000_top500_candidates.json,ok,500,500.0,500,154,154,0,3,0.14242424242424243,0.12016293279022404,49
os10_o_s10_wide_hand_feature_bm25_char_rrf_top1000,o s10 wide hand feature bm25 char rrf top1000,os10,round18/outputs/o_sparse/o_s10_wide_hand_feature_bm25_char_rrf_top1000/dev_full_dev_o_s10_wide_hand_feature_bm25_char_rrf_top1000_top500_candidates.json,ok,500,500.0,500,154,154,0,5,0.19545454545454546,0.17515274949083504,63
os10_o_s10_wide_hand_feature_bm25_char_rrf_top1000,o s10 wide hand feature bm25 char rrf top1000,os10,round18/outputs/o_sparse/o_s10_wide_hand_feature_bm25_char_rrf_top1000/dev_full_dev_o_s10_wide_hand_feature_bm25_char_rrf_top1000_top500_candidates.json,ok,500,500.0,500,154,154,0,10,0.2858225108225108,0.2545824847250509,86
os10_o_s10_wide_hand_feature_bm25_char_rrf_top1000,o s10 wide hand feature bm25 char rrf top1000,os10,round18/outputs/o_sparse/o_s10_wide_hand_feature_bm25_char_rrf_top1000/dev_full_dev_o_s10_wide_hand_feature_bm25_char_rrf_top1000_top500_candidates.json,ok,500,500.0,500,154,154,0,20,0.3525974025974026,0.32382892057026474,95
os10_o_s10_wide_hand_feature_bm25_char_rrf_top1000,o s10 wide hand feature bm25 char rrf top1000,os10,round18/outputs/o_sparse/o_s10_wide_hand_feature_bm25_char_rrf_top1000/dev_full_dev_o_s10_wide_hand_feature_bm25_char_rrf_top1000_top500_candidates.json,ok,500,500.0,500,154,154,0,32,0.4017316017316017,0.37474541751527496,106
os10_o_s10_wide_hand_feature_bm25_char_rrf_top1000,o s10 wide hand feature bm25 char rrf top1000,os10,round18/outputs/o_sparse/o_s10_wide_hand_feature_bm25_char_rrf_top1000/dev_full_dev_o_s10_wide_hand_feature_bm25_char_rrf_top1000_top500_candidates.json,ok,500,500.0,500,154,154,0,50,0.46266233766233766,0.43380855397148677,117
os10_o_s10_wide_hand_feature_bm25_char_rrf_top1000,o s10 wide hand feature bm25 char rrf top1000,os10,round18/outputs/o_sparse/o_s10_wide_hand_feature_bm25_char_rrf_top1000/dev_full_dev_o_s10_wide_hand_feature_bm25_char_rrf_top1000_top500_candidates.json,ok,500,500.0,500,154,154,0,64,0.486038961038961,0.45824847250509165,119
os10_o_s10_wide_hand_feature_bm25_char_rrf_top1000,o s10 wide hand feature bm25 char rrf top1000,os10,round18/outputs/o_sparse/o_s10_wide_hand_feature_bm25_char_rrf_top1000/dev_full_dev_o_s10_wide_hand_feature_bm25_char_rrf_top1000_top500_candidates.json,ok,500,500.0,500,154,154,0,100,0.5220779220779221,0.49490835030549896,121
os10_o_s10_wide_hand_feature_bm25_char_rrf_top1000,o s10 wide hand feature bm25 char rrf top1000,os10,round18/outputs/o_sparse/o_s10_wide_hand_feature_bm25_char_rrf_top1000/dev_full_dev_o_s10_wide_hand_feature_bm25_char_rrf_top1000_top500_candidates.json,ok,500,500.0,500,154,154,0,200,0.6172077922077922,0.5845213849287169,132
os10_o_s10_wide_hand_feature_bm25_char_rrf_top1000,o s10 wide hand feature bm25 char rrf top1000,os10,round18/outputs/o_sparse/o_s10_wide_hand_feature_bm25_char_rrf_top1000/dev_full_dev_o_s10_wide_hand_feature_bm25_char_rrf_top1000_top500_candidates.json,ok,500,500.0,500,154,154,0,300,0.6529220779220779,0.6232179226069247,136
os10_o_s10_wide_hand_feature_bm25_char_rrf_top1000,o s10 wide hand feature bm25 char rrf top1000,os10,round18/outputs/o_sparse/o_s10_wide_hand_feature_bm25_char_rrf_top1000/dev_full_dev_o_s10_wide_hand_feature_bm25_char_rrf_top1000_top500_candidates.json,ok,500,500.0,500,154,154,0,500,0.6922077922077922,0.670061099796334,139
os10_o_s10_wide_hand_feature_bm25_char_rrf_top1000,o s10 wide hand feature bm25 char rrf top1000,os10,round18/outputs/o_sparse/o_s10_wide_hand_feature_bm25_char_rrf_top1000/dev_full_dev_o_s10_wide_hand_feature_bm25_char_rrf_top1000_top500_candidates.json,ok,500,500.0,500,154,154,0,1000,,,0
os10_o_s10_wide_hand_feature_bm25_char_rrf_top1000,o s10 wide hand feature bm25 char rrf top1000,os10,round18/outputs/o_sparse/o_s10_wide_hand_feature_bm25_char_rrf_top1000/dev_full_dev_o_s10_wide_hand_feature_bm25_char_rrf_top1000_top500_candidates.json,ok,500,500.0,500,154,154,0,2000,,,0
os10_o_s10_wide_hand_feature_bm25_char_union_upper_top1000,o s10 wide hand feature bm25 char union upper top1000,os10,round18/outputs/o_sparse/o_s10_wide_hand_feature_bm25_char_union_upper_top1000/dev_full_dev_o_s10_wide_hand_feature_bm25_char_union_upper_top1000_top500_candidates.json,ok,500,500.0,500,154,154,0,1,0.09047619047619047,0.06924643584521385,34
os10_o_s10_wide_hand_feature_bm25_char_union_upper_top1000,o s10 wide hand feature bm25 char union upper top1000,os10,round18/outputs/o_sparse/o_s10_wide_hand_feature_bm25_char_union_upper_top1000/dev_full_dev_o_s10_wide_hand_feature_bm25_char_union_upper_top1000_top500_candidates.json,ok,500,500.0,500,154,154,0,3,0.14664502164502163,0.13034623217922606,51
os10_o_s10_wide_hand_feature_bm25_char_union_upper_top1000,o s10 wide hand feature bm25 char union upper top1000,os10,round18/outputs/o_sparse/o_s10_wide_hand_feature_bm25_char_union_upper_top1000/dev_full_dev_o_s10_wide_hand_feature_bm25_char_union_upper_top1000_top500_candidates.json,ok,500,500.0,500,154,154,0,5,0.17456709956709957,0.15682281059063136,58
os10_o_s10_wide_hand_feature_bm25_char_union_upper_top1000,o s10 wide hand feature bm25 char union upper top1000,os10,round18/outputs/o_sparse/o_s10_wide_hand_feature_bm25_char_union_upper_top1000/dev_full_dev_o_s10_wide_hand_feature_bm25_char_union_upper_top1000_top500_candidates.json,ok,500,500.0,500,154,154,0,10,0.2527056277056277,0.22606924643584522,75
os10_o_s10_wide_hand_feature_bm25_char_union_upper_top1000,o s10 wide hand feature bm25 char union upper top1000,os10,round18/outputs/o_sparse/o_s10_wide_hand_feature_bm25_char_union_upper_top1000/dev_full_dev_o_s10_wide_hand_feature_bm25_char_union_upper_top1000_top500_candidates.json,ok,500,500.0,500,154,154,0,20,0.3327922077922078,0.31568228105906315,93
os10_o_s10_wide_hand_feature_bm25_char_union_upper_top1000,o s10 wide hand feature bm25 char union upper top1000,os10,round18/outputs/o_sparse/o_s10_wide_hand_feature_bm25_char_union_upper_top1000/dev_full_dev_o_s10_wide_hand_feature_bm25_char_union_upper_top1000_top500_candidates.json,ok,500,500.0,500,154,154,0,32,0.40984848484848485,0.3869653767820774,106
os10_o_s10_wide_hand_feature_bm25_char_union_upper_top1000,o s10 wide hand feature bm25 char union upper top1000,os10,round18/outputs/o_sparse/o_s10_wide_hand_feature_bm25_char_union_upper_top1000/dev_full_dev_o_s10_wide_hand_feature_bm25_char_union_upper_top1000_top500_candidates.json,ok,500,500.0,500,154,154,0,50,0.4326839826839827,0.4134419551934827,109
os10_o_s10_wide_hand_feature_bm25_char_union_upper_top1000,o s10 wide hand feature bm25 char union upper top1000,os10,round18/outputs/o_sparse/o_s10_wide_hand_feature_bm25_char_union_upper_top1000/dev_full_dev_o_s10_wide_hand_feature_bm25_char_union_upper_top1000_top500_candidates.json,ok,500,500.0,500,154,154,0,64,0.46222943722943727,0.439918533604888,112
os10_o_s10_wide_hand_feature_bm25_char_union_upper_top1000,o s10 wide hand feature bm25 char union upper top1000,os10,round18/outputs/o_sparse/o_s10_wide_hand_feature_bm25_char_union_upper_top1000/dev_full_dev_o_s10_wide_hand_feature_bm25_char_union_upper_top1000_top500_candidates.json,ok,500,500.0,500,154,154,0,100,0.5273809523809524,0.5010183299389002,122
os10_o_s10_wide_hand_feature_bm25_char_union_upper_top1000,o s10 wide hand feature bm25 char union upper top1000,os10,round18/outputs/o_sparse/o_s10_wide_hand_feature_bm25_char_union_upper_top1000/dev_full_dev_o_s10_wide_hand_feature_bm25_char_union_upper_top1000_top500_candidates.json,ok,500,500.0,500,154,154,0,200,0.6246753246753247,0.594704684317719,135
os10_o_s10_wide_hand_feature_bm25_char_union_upper_top1000,o s10 wide hand feature bm25 char union upper top1000,os10,round18/outputs/o_sparse/o_s10_wide_hand_feature_bm25_char_union_upper_top1000/dev_full_dev_o_s10_wide_hand_feature_bm25_char_union_upper_top1000_top500_candidates.json,ok,500,500.0,500,154,154,0,300,0.6554112554112554,0.6232179226069247,139
os10_o_s10_wide_hand_feature_bm25_char_union_upper_top1000,o s10 wide hand feature bm25 char union upper top1000,os10,round18/outputs/o_sparse/o_s10_wide_hand_feature_bm25_char_union_upper_top1000/dev_full_dev_o_s10_wide_hand_feature_bm25_char_union_upper_top1000_top500_candidates.json,ok,500,500.0,500,154,154,0,500,0.6917748917748917,0.6680244399185336,139
os10_o_s10_wide_hand_feature_bm25_char_union_upper_top1000,o s10 wide hand feature bm25 char union upper top1000,os10,round18/outputs/o_sparse/o_s10_wide_hand_feature_bm25_char_union_upper_top1000/dev_full_dev_o_s10_wide_hand_feature_bm25_char_union_upper_top1000_top500_candidates.json,ok,500,500.0,500,154,154,0,1000,,,0
os10_o_s10_wide_hand_feature_bm25_char_union_upper_top1000,o s10 wide hand feature bm25 char union upper top1000,os10,round18/outputs/o_sparse/o_s10_wide_hand_feature_bm25_char_union_upper_top1000/dev_full_dev_o_s10_wide_hand_feature_bm25_char_union_upper_top1000_top500_candidates.json,ok,500,500.0,500,154,154,0,2000,,,0
os10_o_s10_wide_hand_feature_s7_baseline,o s10 wide hand feature s7 baseline,os10,round18/outputs/o_sparse/o_s10_wide_hand_feature_s7_baseline/dev_full_dev_o_s10_wide_hand_feature_s7_baseline_top500_candidates.json,ok,500,500.0,500,154,154,0,1,0.08354978354978355,0.06313645621181263,31
os10_o_s10_wide_hand_feature_s7_baseline,o s10 wide hand feature s7 baseline,os10,round18/outputs/o_sparse/o_s10_wide_hand_feature_s7_baseline/dev_full_dev_o_s10_wide_hand_feature_s7_baseline_top500_candidates.json,ok,500,500.0,500,154,154,0,3,0.15411255411255412,0.13238289205702647,50
os10_o_s10_wide_hand_feature_s7_baseline,o s10 wide hand feature s7 baseline,os10,round18/outputs/o_sparse/o_s10_wide_hand_feature_s7_baseline/dev_full_dev_o_s10_wide_hand_feature_s7_baseline_top500_candidates.json,ok,500,500.0,500,154,154,0,5,0.19621212121212123,0.17718940936863545,65
os10_o_s10_wide_hand_feature_s7_baseline,o s10 wide hand feature s7 baseline,os10,round18/outputs/o_sparse/o_s10_wide_hand_feature_s7_baseline/dev_full_dev_o_s10_wide_hand_feature_s7_baseline_top500_candidates.json,ok,500,500.0,500,154,154,0,10,0.2527056277056277,0.23828920570264767,75
os10_o_s10_wide_hand_feature_s7_baseline,o s10 wide hand feature s7 baseline,os10,round18/outputs/o_sparse/o_s10_wide_hand_feature_s7_baseline/dev_full_dev_o_s10_wide_hand_feature_s7_baseline_top500_candidates.json,ok,500,500.0,500,154,154,0,20,0.33246753246753247,0.31771894093686354,92
os10_o_s10_wide_hand_feature_s7_baseline,o s10 wide hand feature s7 baseline,os10,round18/outputs/o_sparse/o_s10_wide_hand_feature_s7_baseline/dev_full_dev_o_s10_wide_hand_feature_s7_baseline_top500_candidates.json,ok,500,500.0,500,154,154,0,32,0.4061688311688311,0.38085539714867617,101
os10_o_s10_wide_hand_feature_s7_baseline,o s10 wide hand feature s7 baseline,os10,round18/outputs/o_sparse/o_s10_wide_hand_feature_s7_baseline/dev_full_dev_o_s10_wide_hand_feature_s7_baseline_top500_candidates.json,ok,500,500.0,500,154,154,0,50,0.46222943722943727,0.43380855397148677,108
os10_o_s10_wide_hand_feature_s7_baseline,o s10 wide hand feature s7 baseline,os10,round18/outputs/o_sparse/o_s10_wide_hand_feature_s7_baseline/dev_full_dev_o_s10_wide_hand_feature_s7_baseline_top500_candidates.json,ok,500,500.0,500,154,154,0,64,0.479978354978355,0.45621181262729127,111
os10_o_s10_wide_hand_feature_s7_baseline,o s10 wide hand feature s7 baseline,os10,round18/outputs/o_sparse/o_s10_wide_hand_feature_s7_baseline/dev_full_dev_o_s10_wide_hand_feature_s7_baseline_top500_candidates.json,ok,500,500.0,500,154,154,0,100,0.5284632034632035,0.505091649694501,120
os10_o_s10_wide_hand_feature_s7_baseline,o s10 wide hand feature s7 baseline,os10,round18/outputs/o_sparse/o_s10_wide_hand_feature_s7_baseline/dev_full_dev_o_s10_wide_hand_feature_s7_baseline_top500_candidates.json,ok,500,500.0,500,154,154,0,200,0.5876623376623377,0.5682281059063137,130
os10_o_s10_wide_hand_feature_s7_baseline,o s10 wide hand feature s7 baseline,os10,round18/outputs/o_sparse/o_s10_wide_hand_feature_s7_baseline/dev_full_dev_o_s10_wide_hand_feature_s7_baseline_top500_candidates.json,ok,500,500.0,500,154,154,0,300,0.6321428571428571,0.604887983706721,135
os10_o_s10_wide_hand_feature_s7_baseline,o s10 wide hand feature s7 baseline,os10,round18/outputs/o_sparse/o_s10_wide_hand_feature_s7_baseline/dev_full_dev_o_s10_wide_hand_feature_s7_baseline_top500_candidates.json,ok,500,500.0,500,154,154,0,500,0.6666666666666667,0.639511201629328,137
os10_o_s10_wide_hand_feature_s7_baseline,o s10 wide hand feature s7 baseline,os10,round18/outputs/o_sparse/o_s10_wide_hand_feature_s7_baseline/dev_full_dev_o_s10_wide_hand_feature_s7_baseline_top500_candidates.json,ok,500,500.0,500,154,154,0,1000,,,0
os10_o_s10_wide_hand_feature_s7_baseline,o s10 wide hand feature s7 baseline,os10,round18/outputs/o_sparse/o_s10_wide_hand_feature_s7_baseline/dev_full_dev_o_s10_wide_hand_feature_s7_baseline_top500_candidates.json,ok,500,500.0,500,154,154,0,2000,,,0
oa2c_strict_sparse_only,strict sparse only,oa2c,round18/outputs/o_aggregate/o_a2c_plain_leaf_rank_s8/dev_full_dev_o_a2c_plain_leaf_rank_s8_strict_sparse_only_top500_candidates.json,ok,500,500.0,500,154,154,0,1,0.07781385281385281,0.05702647657841141,28
oa2c_strict_sparse_only,strict sparse only,oa2c,round18/outputs/o_aggregate/o_a2c_plain_leaf_rank_s8/dev_full_dev_o_a2c_plain_leaf_rank_s8_strict_sparse_only_top500_candidates.json,ok,500,500.0,500,154,154,0,3,0.1555194805194805,0.13238289205702647,49
oa2c_strict_sparse_only,strict sparse only,oa2c,round18/outputs/o_aggregate/o_a2c_plain_leaf_rank_s8/dev_full_dev_o_a2c_plain_leaf_rank_s8_strict_sparse_only_top500_candidates.json,ok,500,500.0,500,154,154,0,5,0.20183982683982682,0.17515274949083504,66
oa2c_strict_sparse_only,strict sparse only,oa2c,round18/outputs/o_aggregate/o_a2c_plain_leaf_rank_s8/dev_full_dev_o_a2c_plain_leaf_rank_s8_strict_sparse_only_top500_candidates.json,ok,500,500.0,500,154,154,0,10,0.2624458874458874,0.24032586558044808,80
oa2c_strict_sparse_only,strict sparse only,oa2c,round18/outputs/o_aggregate/o_a2c_plain_leaf_rank_s8/dev_full_dev_o_a2c_plain_leaf_rank_s8_strict_sparse_only_top500_candidates.json,ok,500,500.0,500,154,154,0,20,0.3586580086580087,0.3340122199592668,97
oa2c_strict_sparse_only,strict sparse only,oa2c,round18/outputs/o_aggregate/o_a2c_plain_leaf_rank_s8/dev_full_dev_o_a2c_plain_leaf_rank_s8_strict_sparse_only_top500_candidates.json,ok,500,500.0,500,154,154,0,32,0.41049783549783553,0.3890020366598778,106
oa2c_strict_sparse_only,strict sparse only,oa2c,round18/outputs/o_aggregate/o_a2c_plain_leaf_rank_s8/dev_full_dev_o_a2c_plain_leaf_rank_s8_strict_sparse_only_top500_candidates.json,ok,500,500.0,500,154,154,0,50,0.47186147186147187,0.439918533604888,114
oa2c_strict_sparse_only,strict sparse only,oa2c,round18/outputs/o_aggregate/o_a2c_plain_leaf_rank_s8/dev_full_dev_o_a2c_plain_leaf_rank_s8_strict_sparse_only_top500_candidates.json,ok,500,500.0,500,154,154,0,64,0.49274891774891777,0.45824847250509165,117
oa2c_strict_sparse_only,strict sparse only,oa2c,round18/outputs/o_aggregate/o_a2c_plain_leaf_rank_s8/dev_full_dev_o_a2c_plain_leaf_rank_s8_strict_sparse_only_top500_candidates.json,ok,500,500.0,500,154,154,0,100,0.5322510822510823,0.5010183299389002,121
oa2c_strict_sparse_only,strict sparse only,oa2c,round18/outputs/o_aggregate/o_a2c_plain_leaf_rank_s8/dev_full_dev_o_a2c_plain_leaf_rank_s8_strict_sparse_only_top500_candidates.json,ok,500,500.0,500,154,154,0,200,0.6000000000000001,0.570264765784114,131
oa2c_strict_sparse_only,strict sparse only,oa2c,round18/outputs/o_aggregate/o_a2c_plain_leaf_rank_s8/dev_full_dev_o_a2c_plain_leaf_rank_s8_strict_sparse_only_top500_candidates.json,ok,500,500.0,500,154,154,0,300,0.6397186147186147,0.6069246435845214,135
oa2c_strict_sparse_only,strict sparse only,oa2c,round18/outputs/o_aggregate/o_a2c_plain_leaf_rank_s8/dev_full_dev_o_a2c_plain_leaf_rank_s8_strict_sparse_only_top500_candidates.json,ok,500,500.0,500,154,154,0,500,0.6666666666666667,0.639511201629328,137
oa2c_strict_sparse_only,strict sparse only,oa2c,round18/outputs/o_aggregate/o_a2c_plain_leaf_rank_s8/dev_full_dev_o_a2c_plain_leaf_rank_s8_strict_sparse_only_top500_candidates.json,ok,500,500.0,500,154,154,0,1000,,,0
oa2c_strict_sparse_only,strict sparse only,oa2c,round18/outputs/o_aggregate/o_a2c_plain_leaf_rank_s8/dev_full_dev_o_a2c_plain_leaf_rank_s8_strict_sparse_only_top500_candidates.json,ok,500,500.0,500,154,154,0,2000,,,0
oa2c_strict_ce64_sparse_backfill,strict ce64 sparse backfill,oa2c,round18/outputs/o_aggregate/o_a2c_plain_leaf_rank_s8/dev_full_dev_o_a2c_plain_leaf_rank_s8_strict_ce64_sparse_backfill_top500_candidates.json,ok,500,500.0,500,154,154,0,1,0.10194805194805194,0.07739307535641547,38
oa2c_strict_ce64_sparse_backfill,strict ce64 sparse backfill,oa2c,round18/outputs/o_aggregate/o_a2c_plain_leaf_rank_s8/dev_full_dev_o_a2c_plain_leaf_rank_s8_strict_ce64_sparse_backfill_top500_candidates.json,ok,500,500.0,500,154,154,0,3,0.21937229437229436,0.18329938900203666,65
oa2c_strict_ce64_sparse_backfill,strict ce64 sparse backfill,oa2c,round18/outputs/o_aggregate/o_a2c_plain_leaf_rank_s8/dev_full_dev_o_a2c_plain_leaf_rank_s8_strict_ce64_sparse_backfill_top500_candidates.json,ok,500,500.0,500,154,154,0,5,0.2754329004329004,0.23421588594704684,76
oa2c_strict_ce64_sparse_backfill,strict ce64 sparse backfill,oa2c,round18/outputs/o_aggregate/o_a2c_plain_leaf_rank_s8/dev_full_dev_o_a2c_plain_leaf_rank_s8_strict_ce64_sparse_backfill_top500_candidates.json,ok,500,500.0,500,154,154,0,10,0.3346320346320346,0.3014256619144603,91
oa2c_strict_ce64_sparse_backfill,strict ce64 sparse backfill,oa2c,round18/outputs/o_aggregate/o_a2c_plain_leaf_rank_s8/dev_full_dev_o_a2c_plain_leaf_rank_s8_strict_ce64_sparse_backfill_top500_candidates.json,ok,500,500.0,500,154,154,0,20,0.39220779220779217,0.3665987780040733,100
oa2c_strict_ce64_sparse_backfill,strict ce64 sparse backfill,oa2c,round18/outputs/o_aggregate/o_a2c_plain_leaf_rank_s8/dev_full_dev_o_a2c_plain_leaf_rank_s8_strict_ce64_sparse_backfill_top500_candidates.json,ok,500,500.0,500,154,154,0,32,0.4266233766233766,0.395112016293279,109
oa2c_strict_ce64_sparse_backfill,strict ce64 sparse backfill,oa2c,round18/outputs/o_aggregate/o_a2c_plain_leaf_rank_s8/dev_full_dev_o_a2c_plain_leaf_rank_s8_strict_ce64_sparse_backfill_top500_candidates.json,ok,500,500.0,500,154,154,0,50,0.44047619047619047,0.4134419551934827,112
oa2c_strict_ce64_sparse_backfill,strict ce64 sparse backfill,oa2c,round18/outputs/o_aggregate/o_a2c_plain_leaf_rank_s8/dev_full_dev_o_a2c_plain_leaf_rank_s8_strict_ce64_sparse_backfill_top500_candidates.json,ok,500,500.0,500,154,154,0,64,0.44047619047619047,0.4134419551934827,112
oa2c_strict_ce64_sparse_backfill,strict ce64 sparse backfill,oa2c,round18/outputs/o_aggregate/o_a2c_plain_leaf_rank_s8/dev_full_dev_o_a2c_plain_leaf_rank_s8_strict_ce64_sparse_backfill_top500_candidates.json,ok,500,500.0,500,154,154,0,100,0.5356060606060606,0.5030549898167006,124
oa2c_strict_ce64_sparse_backfill,strict ce64 sparse backfill,oa2c,round18/outputs/o_aggregate/o_a2c_plain_leaf_rank_s8/dev_full_dev_o_a2c_plain_leaf_rank_s8_strict_ce64_sparse_backfill_top500_candidates.json,ok,500,500.0,500,154,154,0,200,0.611038961038961,0.5763747454175153,134
oa2c_strict_ce64_sparse_backfill,strict ce64 sparse backfill,oa2c,round18/outputs/o_aggregate/o_a2c_plain_leaf_rank_s8/dev_full_dev_o_a2c_plain_leaf_rank_s8_strict_ce64_sparse_backfill_top500_candidates.json,ok,500,500.0,500,154,154,0,300,0.6404761904761905,0.6089613034623218,136
oa2c_strict_ce64_sparse_backfill,strict ce64 sparse backfill,oa2c,round18/outputs/o_aggregate/o_a2c_plain_leaf_rank_s8/dev_full_dev_o_a2c_plain_leaf_rank_s8_strict_ce64_sparse_backfill_top500_candidates.json,ok,500,500.0,500,154,154,0,500,0.6666666666666667,0.639511201629328,137
oa2c_strict_ce64_sparse_backfill,strict ce64 sparse backfill,oa2c,round18/outputs/o_aggregate/o_a2c_plain_leaf_rank_s8/dev_full_dev_o_a2c_plain_leaf_rank_s8_strict_ce64_sparse_backfill_top500_candidates.json,ok,500,500.0,500,154,154,0,1000,,,0
oa2c_strict_ce64_sparse_backfill,strict ce64 sparse backfill,oa2c,round18/outputs/o_aggregate/o_a2c_plain_leaf_rank_s8/dev_full_dev_o_a2c_plain_leaf_rank_s8_strict_ce64_sparse_backfill_top500_candidates.json,ok,500,500.0,500,154,154,0,2000,,,0
oa2c_strict_rrf_sparse_ce,strict rrf sparse ce,oa2c,round18/outputs/o_aggregate/o_a2c_plain_leaf_rank_s8/dev_full_dev_o_a2c_plain_leaf_rank_s8_strict_rrf_sparse_ce_top500_candidates.json,ok,500,500.0,500,154,154,0,1,0.09177489177489177,0.07331975560081466,36
oa2c_strict_rrf_sparse_ce,strict rrf sparse ce,oa2c,round18/outputs/o_aggregate/o_a2c_plain_leaf_rank_s8/dev_full_dev_o_a2c_plain_leaf_rank_s8_strict_rrf_sparse_ce_top500_candidates.json,ok,500,500.0,500,154,154,0,3,0.18755411255411256,0.1629327902240326,60
oa2c_strict_rrf_sparse_ce,strict rrf sparse ce,oa2c,round18/outputs/o_aggregate/o_a2c_plain_leaf_rank_s8/dev_full_dev_o_a2c_plain_leaf_rank_s8_strict_rrf_sparse_ce_top500_candidates.json,ok,500,500.0,500,154,154,0,5,0.2474025974025974,0.2219959266802444,76
oa2c_strict_rrf_sparse_ce,strict rrf sparse ce,oa2c,round18/outputs/o_aggregate/o_a2c_plain_leaf_rank_s8/dev_full_dev_o_a2c_plain_leaf_rank_s8_strict_rrf_sparse_ce_top500_candidates.json,ok,500,500.0,500,154,154,0,10,0.3275974025974026,0.3095723014256619,89
oa2c_strict_rrf_sparse_ce,strict rrf sparse ce,oa2c,round18/outputs/o_aggregate/o_a2c_plain_leaf_rank_s8/dev_full_dev_o_a2c_plain_leaf_rank_s8_strict_rrf_sparse_ce_top500_candidates.json,ok,500,500.0,500,154,154,0,20,0.3807359307359307,0.3625254582484725,100
oa2c_strict_rrf_sparse_ce,strict rrf sparse ce,oa2c,round18/outputs/o_aggregate/o_a2c_plain_leaf_rank_s8/dev_full_dev_o_a2c_plain_leaf_rank_s8_strict_rrf_sparse_ce_top500_candidates.json,ok,500,500.0,500,154,154,0,32,0.41017316017316013,0.3869653767820774,105
oa2c_strict_rrf_sparse_ce,strict rrf sparse ce,oa2c,round18/outputs/o_aggregate/o_a2c_plain_leaf_rank_s8/dev_full_dev_o_a2c_plain_leaf_rank_s8_strict_rrf_sparse_ce_top500_candidates.json,ok,500,500.0,500,154,154,0,50,0.4451298701298701,0.41140529531568226,113
oa2c_strict_rrf_sparse_ce,strict rrf sparse ce,oa2c,round18/outputs/o_aggregate/o_a2c_plain_leaf_rank_s8/dev_full_dev_o_a2c_plain_leaf_rank_s8_strict_rrf_sparse_ce_top500_candidates.json,ok,500,500.0,500,154,154,0,64,0.46352813852813857,0.42973523421588594,117
oa2c_strict_rrf_sparse_ce,strict rrf sparse ce,oa2c,round18/outputs/o_aggregate/o_a2c_plain_leaf_rank_s8/dev_full_dev_o_a2c_plain_leaf_rank_s8_strict_rrf_sparse_ce_top500_candidates.json,ok,500,500.0,500,154,154,0,100,0.5356060606060606,0.5030549898167006,124
oa2c_strict_rrf_sparse_ce,strict rrf sparse ce,oa2c,round18/outputs/o_aggregate/o_a2c_plain_leaf_rank_s8/dev_full_dev_o_a2c_plain_leaf_rank_s8_strict_rrf_sparse_ce_top500_candidates.json,ok,500,500.0,500,154,154,0,200,0.611038961038961,0.5763747454175153,134
oa2c_strict_rrf_sparse_ce,strict rrf sparse ce,oa2c,round18/outputs/o_aggregate/o_a2c_plain_leaf_rank_s8/dev_full_dev_o_a2c_plain_leaf_rank_s8_strict_rrf_sparse_ce_top500_candidates.json,ok,500,500.0,500,154,154,0,300,0.6404761904761905,0.6089613034623218,136
oa2c_strict_rrf_sparse_ce,strict rrf sparse ce,oa2c,round18/outputs/o_aggregate/o_a2c_plain_leaf_rank_s8/dev_full_dev_o_a2c_plain_leaf_rank_s8_strict_rrf_sparse_ce_top500_candidates.json,ok,500,500.0,500,154,154,0,500,0.6666666666666667,0.639511201629328,137
oa2c_strict_rrf_sparse_ce,strict rrf sparse ce,oa2c,round18/outputs/o_aggregate/o_a2c_plain_leaf_rank_s8/dev_full_dev_o_a2c_plain_leaf_rank_s8_strict_rrf_sparse_ce_top500_candidates.json,ok,500,500.0,500,154,154,0,1000,,,0
oa2c_strict_rrf_sparse_ce,strict rrf sparse ce,oa2c,round18/outputs/o_aggregate/o_a2c_plain_leaf_rank_s8/dev_full_dev_o_a2c_plain_leaf_rank_s8_strict_rrf_sparse_ce_top500_candidates.json,ok,500,500.0,500,154,154,0,2000,,,0
